INFRACCCIONES 2019,DESCRIPCION COMP,ENERO 2019,FEBRERO 2019,MARZO 2019,ABRIL 2019,MAYO 2019,JUNIO 2019,JULIO 2019,AGOSTO 2019,SEPTIEMBRE 2019,OCTUBRE 2019,NOVIEMBRE 2019,DICIEMBRE 2019,TOTAL-19,ENERO 2020,FEBRERO 2020,MARZO 2020,ABRIL 2020,MAYO 2020,JUNIO 2020,JULIO 2020,AGOSTO 2020,SEPTIEMBRE 2020,OCTUBRE 2020,NOVIEMBRE 2020,DICIEMBRE 2020,TOTAL 2020,ENERO 2021,FEBRERO 2021,MARZO 2021,ABRIL 2021,MAYO 2021,JUNIO 2021,JULIO 2021,AGOSTO 2021,SEPTIEMBRE 2021,OCTUBRE 2021,NOVIEMBRE 2021,DIECIEMBRE 2021,TOTAL 2021,ENERO 2022,FEBRERO 2022,MARZO 2022,ABRIL 2022,MAYO 2022,JUNIO 2022,JULIO 2022,AGOSTO 2022,SEPTIEMBRE 2022,OCTUBRE 2022,NOVIEMBRE 2022,DICIEMBRE 2022,TOTAL 2022,ENERO 2023,FEBRERO 2023,MARZO 2023,ABRIL 2023,MAYO 2023,JUNIO 2023,JULIO 2023,AGOSTO 2023,SEPTIEMBRE 2023,OCTUBRE 2023,NOVIEMBRE 2023,DICIEMBRE 2023,TOTAl 2023
A01,No transitar por la derecha de la vía,0,0,0,0,0,0,0,0,0,0,0,0,0,1,0,0,0,0,0,0,0,0,0,0,0,1,0,0,0,0,0,0,0,0,0,0,0,0,0,5,0,0,0,0,0,0,0,0,0,0,0,5,0,0,0,0,0,0,0,0,0,0,0,0,0
A02,Agarrarse de otro vehículo en movimiento.,0,0,0,0,0,0,0,0,0,0,1,0,1,0,0,0,0,0,0,0,0,0,0,0,0,0,0,0,0,0,0,0,0,0,0,0,0,0,0,0,0,0,0,0,0,0,0,0,0,0,0,0,0,0,0,0,0,0,0,0,0,0,0,0,0
A03,Transportar personas o cosas que disminuyan su visibilidad e incomoden la conducción,0,0,0,0,0,0,0,0,0,0,0,0,0,0,0,0,0,1,0,0,0,0,0,0,0,1,0,0,0,0,0,0,0,0,0,0,0,0,0,2,0,0,0,0,0,0,0,0,0,0,0,2,0,0,0,0,0,0,0,0,0,0,0,0,0
A04,"Transitar por andenes, aceras, puentes o de mas lugares de uso exclusivo para tránsito de peatones.",0,1,0,0,0,0,0,0,0,0,0,0,1,0,0,0,0,0,0,0,0,0,0,0,0,0,0,0,0,0,0,0,0,0,0,0,0,0,0,0,0,0,0,0,0,0,0,0,0,0,0,0,0,0,0,0,0,0,0,0,0,0,0,0,0
A05,No respetar las señales de tránsito,0,0,0,0,0,0,0,0,0,0,0,0,0,0,0,0,0,0,0,0,0,0,0,0,0,0,0,0,0,0,0,0,0,0,0,0,0,0,0,0,0,0,0,0,0,0,0,0,0,0,0,0,0,0,0,0,0,0,0,0,0,0,0,0,0
A06,Transitar sin los dispositivos luminosos requeridos,0,0,0,0,0,0,0,0,0,0,0,0,0,0,0,0,0,0,0,0,0,0,0,0,0,0,0,0,0,0,0,0,0,0,0,0,0,0,0,0,0,0,0,0,0,0,0,0,0,0,0,0,0,0,0,0,0,0,0,0,0,0,0,0,0
A07,"Transitar sin dispositivos que permitan la parada inmediata o con ellos, pero en estado defectuoso",0,0,0,0,0,0,0,0,0,0,0,0,0,0,0,0,0,0,0,0,0,0,0,0,0,0,0,0,0,0,0,0,0,0,0,0,0,0,0,0,0,0,0,0,0,0,0,0,0,0,0,0,0,0,0,0,0,0,0,0,0,0,0,0,0
A08,"Transitar por zonas prohibidas o, por aquellas vías en donde las autoridades competentes lo prohíban, conducir por vías diferentes a aquellas especialmente diseñadas para ello cuando las hubiere.",0,1,0,0,0,0,0,0,0,0,0,0,1,0,0,0,0,0,0,0,0,0,0,0,0,0,0,0,0,0,0,0,0,0,0,0,0,0,0,0,0,0,0,0,0,0,0,0,0,0,0,0,0,0,0,0,0,0,0,0,0,0,0,0,0
A09,Adelantar entre dos (2) vehículos automotores que estén en sus respectivos carriles,0,0,0,0,0,0,0,0,0,0,0,0,0,0,0,0,0,0,0,0,0,0,0,0,0,0,0,0,0,0,0,0,0,0,0,0,0,0,0,0,0,0,0,0,0,0,0,0,0,0,0,0,0,0,0,0,0,0,0,0,0,0,0,0,0
A10,Conducir por la vía férrea o por zonas de protección y seguridad.,0,0,0,0,0,0,0,0,0,0,0,0,0,0,0,0,0,0,0,0,0,0,0,0,0,0,0,0,0,0,0,0,0,0,0,0,0,0,0,0,0,0,0,0,0,0,0,0,0,0,0,0,0,0,0,0,0,0,0,0,0,0,0,0,0
A11,"Transitar por zonas restringidas o por vías de alta velocidad como autopistas y arterias, en este caso el vehículo automotor será inmovilizado",0,0,0,0,0,0,0,0,0,0,0,0,0,0,0,0,0,0,0,0,0,0,0,0,0,0,0,0,0,0,0,0,0,0,0,0,0,0,0,0,0,0,0,0,0,0,0,0,0,0,0,0,0,0,0,0,0,0,0,0,0,0,0,0,0
A12,"Prestar Servicio Público con este tipo de vehículos. Además, el vehículos será inmovilizado por primera vez, por el termino de 5 días, por segunda vez 20 días y por tercera vez 40 días",0,0,0,0,0,0,0,0,0,0,0,0,0,0,0,0,0,0,0,0,0,0,0,0,0,0,0,0,0,0,0,0,0,0,0,0,0,0,0,0,0,0,0,0,0,0,0,0,0,0,0,0,0,0,0,0,0,0,0,0,0,0,0,0,0
B04,"Conducir un vehículo con placas adulteradas, retocadas o alteradas",1,0,0,0,1,0,0,0,0,0,0,0,2,0,0,0,0,0,0,1,0,0,0,0,0,1,0,0,0,0,0,0,0,0,0,0,0,0,0,0,0,2,0,0,1,1,0,0,0,0,0,4,0,0,0,0,0,0,0,0,0,0,0,0,0
B05,"Conducir un vehículo: Con una sola placa, o sin el permiso vigente expedido por autoridad de tránsito",0,0,0,0,0,1,1,0,0,0,0,0,1,0,0,0,0,0,0,0,0,0,0,0,0,0,0,0,0,0,0,0,0,0,1,0,0,0,1,0,0,0,0,0,0,0,0,0,0,0,0,0,0,0,0,0,0,0,0,0,0,0,0,0,0
B06,"Conducir un vehículo con placas falsas. En los casos B1, B2, B3, B4, B5 y B6 los vehículos serán inmovilizados.",0,0,0,0,0,0,0,0,0,0,0,1,1,0,0,0,0,0,0,0,0,0,0,0,0,0,0,0,0,0,0,0,0,0,0,0,0,0,0,0,0,0,0,0,1,0,0,0,0,0,0,1,0,0,0,0,0,0,0,0,0,0,0,0,0
B07,"No informar a la autoridad de tránsito competente el cambio de motor o color de un vehículo. En ambos casos, el vehículo será inmovilizado",1,0,0,0,0,0,0,0,0,0,0,0,2,0,0,0,0,0,0,0,0,0,0,0,0,0,0,0,6,0,1,0,0,1,2,1,0,1,12,0,0,0,0,1,0,0,0,0,0,0,0,1,0,0,0,1,0,0,1,0,0,0,0,0,2
B08,No pagar el peaje en los sitios establecidos,0,0,0,0,0,0,0,0,0,0,0,0,0,0,0,0,0,0,0,0,0,0,0,0,0,0,0,0,0,0,0,0,0,0,0,0,0,0,0,0,0,0,0,0,0,0,0,0,0,0,0,0,0,0,0,0,0,0,0,0,0,0,0,0,0
B09,Utilizar equipos de sonido a volúmenes que incomoden a los pasajeros de un vehículo de servicio público,0,0,0,0,0,0,0,0,0,0,0,0,0,0,0,0,0,0,0,0,0,0,0,0,0,0,0,0,0,0,0,0,0,0,0,0,0,0,0,0,0,0,0,0,0,0,0,0,0,0,0,0,0,0,0,0,0,0,0,0,0,0,0,0,0
B10,"Conducir un vehículo con vidrios polarizados, entintados u oscurecidos, sin portar el permiso respectivo, de acuerdo a la reglamentación existente sobre la materia o, no llevar el vehículo de servicio público colectivo urbano todos los vidrios transparentes.",0,0,1,0,0,0,0,0,0,0,0,0,1,0,0,0,0,0,0,0,0,0,0,0,0,0,0,0,0,0,0,0,0,0,0,0,0,0,0,0,0,0,0,0,0,0,0,0,0,0,0,0,0,0,0,0,0,0,0,0,0,0,0,0,0
B11,"Conducir un vehículo con propaganda, publicidad o adhesivos en sus vidrios que obstaculicen la visibilidad",0,0,0,0,0,0,0,0,0,0,0,0,0,0,0,0,0,0,0,0,0,0,0,0,0,0,0,0,0,0,0,0,0,0,0,0,0,0,0,0,0,0,0,0,0,0,0,0,0,0,0,0,0,0,0,0,0,0,0,0,0,0,0,0,0
B12,No respetar las normas establecidas por la autoridad competente para el tránsito de cortejos fúnebres,0,0,0,0,0,0,0,0,0,0,0,0,0,0,0,0,0,0,0,0,0,0,0,0,0,0,0,0,0,0,0,0,0,0,0,0,0,0,0,0,0,0,0,0,0,0,0,0,0,0,0,0,0,0,0,0,0,0,0,0,0,0,0,0,0
B13,"No respetar las formaciones de tropas, la marcha de desfiles, procesiones, entierros, filas estudiantiles y las manifestaciones públicas y actividades deportivas, debidamente autorizadas por las autoridades de tránsito",0,0,0,0,0,0,0,0,0,0,0,0,0,0,0,0,0,0,0,0,0,0,0,0,0,0,0,0,0,0,0,0,0,0,0,0,0,0,0,0,0,0,0,0,0,0,0,0,0,0,0,0,0,0,0,0,0,0,0,0,0,0,0,0,0
B14,Remolcar otro vehículo violando lo dispuesto por este código,0,0,0,0,0,0,0,0,0,0,0,0,0,0,0,0,0,0,0,0,0,0,0,0,0,0,0,0,0,0,0,0,0,0,0,0,0,0,0,0,0,0,0,0,0,0,0,0,0,0,0,0,0,0,0,0,0,0,0,0,0,0,0,0,0
B15,Conducir un vehículo de servicio público que no lleve el aviso de tarifas oficiales en condiciones de fácil lectura para los pasajeros o poseer este aviso deteriorado o adulterado,0,0,0,0,0,0,0,0,0,0,0,0,3,0,0,0,0,0,0,0,0,0,0,0,0,0,0,0,0,0,0,0,0,0,0,0,0,0,0,0,0,0,0,0,0,0,0,0,0,0,0,0,0,0,0,0,0,0,0,0,0,0,0,0,0
B16,"Permitir que en un vehículo de servicio público para transporte de pasajeros se lleven animales u objetos que incomoden a los pasajeros. No llevar el equipaje de los pasajeros en la bodega, baúl o parrilla.",0,0,0,0,0,0,0,0,0,0,0,0,0,0,0,0,0,0,0,0,0,0,0,0,0,0,0,0,0,0,0,0,0,0,0,0,0,0,0,0,0,0,0,0,0,0,0,0,0,0,0,0,0,0,0,0,0,0,0,0,0,0,0,0,0
B17,Abandonar un vehículo de servicio público con pasajeros,0,0,0,0,0,0,0,0,0,0,0,0,0,0,0,0,0,0,0,0,0,0,0,0,0,0,0,0,0,0,0,0,0,0,0,0,0,0,0,0,0,0,0,0,0,0,0,0,0,0,0,0,0,0,0,0,0,0,0,0,0,0,0,0,0
B18,"No transitar por el carril derecho el vehículo de transporte público individual  cuando transita sin pasajeros indicando la disponibilidad para prestar el servicio, mediante luz especial  o señal luminosa de estar libre.",0,0,0,0,0,0,0,0,0,0,0,0,0,0,0,0,0,0,0,0,0,0,0,0,0,0,0,0,0,0,0,0,0,0,0,0,0,0,0,0,0,0,0,0,0,0,0,0,0,0,0,0,0,0,0,0,0,0,0,0,0,0,0,0,0
B19,"Realizar el cargue o descargue de un vehículo en sitios y horas prohibidas por las autoridades competentes, de acuerdo con lo establecido en las normas correspondientes",0,0,0,0,0,0,0,0,0,0,0,0,0,0,0,0,0,0,0,0,0,0,0,0,0,0,0,0,0,0,0,0,0,0,0,0,0,0,0,0,0,0,0,0,0,0,0,0,0,0,0,0,0,0,0,0,0,0,0,0,0,0,0,0,0
B20,"Transportar carne, pescado o alimentos fácilmente corruptibles, en vehículos que no cumplan las condiciones fijadas por el Ministerio de Transporte. Además, se le suspenderá la licencia de conducción por el termino de tres (3) meses.",0,0,0,1,0,0,0,1,0,0,0,0,2,0,0,0,0,0,0,0,0,0,0,0,0,0,0,0,0,0,0,0,0,0,0,0,0,0,0,0,0,0,0,0,0,0,0,0,0,0,0,0,0,0,0,0,1,1,0,0,0,1,0,0,3
B21,"Lavar vehículos en vía pública, en ríos, en canales, en quebradas, etc",0,0,0,0,0,0,0,0,0,0,0,0,0,0,0,0,0,0,0,0,0,0,0,0,0,0,0,0,0,0,0,2,0,0,0,0,0,0,2,0,0,0,0,0,0,0,0,0,0,0,0,0,0,0,0,0,0,0,0,0,0,0,0,0,0
B22,Llevar niños menores de diez (10) años en el asiento delantero,0,0,0,0,0,0,0,0,0,0,0,0,0,0,0,0,0,0,0,0,0,0,0,0,0,0,0,0,0,0,0,0,0,0,0,0,0,0,0,0,0,0,0,0,0,0,0,0,0,0,0,0,0,0,0,0,0,0,0,0,0,0,0,0,0
B23,"Utilizar radios, equipos de sonido o de amplificación a volumenes que superan los decibeles máximos establecidos por las autoridades ambientales. De igual forma utilizar pantallas, proyectores de inagen o similares en la parte delantera de los vehículos, mientras este en movimiento.",0,0,0,0,0,0,0,0,0,0,0,0,0,0,0,0,0,0,0,0,0,0,0,0,0,0,0,0,0,0,0,0,0,0,0,0,0,0,0,0,0,0,0,0,0,0,0,0,0,0,0,0,0,0,0,0,0,0,0,0,0,0,0,0,0
C01,Presentar licencia de conducción adulterada o ajena lo cual dará lugar a la inmovilización del vehículo,0,0,1,1,2,0,0,1,0,0,0,0,5,0,0,0,0,0,0,0,0,0,0,0,0,0,0,0,1,0,0,0,0,0,0,0,0,0,1,0,0,3,5,2,2,1,5,3,5,0,2,28,3,1,2,1,1,0,0,0,0,0,1,0,9
C02,Estacionar un vehículo en sitios prohibidos,0,0,0,1,0,0,0,2,0,0,0,0,3,0,0,0,0,0,0,0,0,0,0,0,0,0,0,0,0,0,1,1,0,0,0,0,0,0,2,0,0,1,2,0,0,0,0,0,0,0,0,3,0,0,0,0,0,0,0,0,0,0,0,0,0
C03,"Bloquear una calzada o intersección  con un vehículo, salvo cuando el bloqueo obedezca a la ocurrencia de un accidente de tránsito.",0,0,0,0,0,1,1,0,0,0,0,0,1,0,0,0,0,0,0,0,0,0,0,0,0,0,0,0,0,0,0,0,0,0,0,0,0,0,0,1,0,0,0,0,1,1,0,0,1,0,0,4,0,0,0,0,0,0,0,0,0,0,0,0,0
C04,"Estacionar un vehículo sin tomar las debidas precauciones o sin colocar a la distancia señalada por este código, las señales de peligro reglamentarias",1,0,0,0,0,0,0,0,0,1,0,0,2,0,0,0,0,0,0,0,0,0,0,0,0,0,0,0,0,0,0,0,0,0,0,0,0,0,0,0,0,0,0,0,1,0,0,0,0,0,0,1,0,0,0,0,0,0,0,0,0,0,0,0,0
C05,"No reducir la velocidad según lo indicado por este código, cuando transite por un cruce escolar en los horarios y días de funcionamiento de la institución educativa. Así mismo, cuando transite por cruces de hospitales o terminales de pasajeros",0,0,0,0,0,0,0,0,0,0,0,0,0,0,0,0,0,0,0,0,0,0,0,0,0,0,0,0,0,0,0,0,0,0,0,0,0,0,0,0,0,0,0,0,0,0,0,0,0,0,0,0,0,0,0,0,0,0,0,0,0,0,0,0,0
C06,No utilizar el Cinturón de seguridad por parte  de los ocupantes del vehículo y los cinturones de seguridad en los asientos traseros en los vehículos fabricados a partir del año 2004.,2,6,2,3,5,4,4,2,2,0,0,0,27,0,0,0,0,0,0,0,0,0,0,0,0,0,0,1,0,1,0,0,0,0,0,0,0,0,2,0,0,0,0,0,0,0,0,0,0,0,0,0,0,0,0,0,0,0,0,0,0,0,0,0,0
C07,"Dejar de señalizar con las luces direccionales o mediante señales de mano y con la debida anticipación, la maniobra de giro o de cambio de carril",0,0,0,0,0,0,0,0,0,0,0,0,0,0,0,0,0,0,0,0,0,0,0,0,0,0,0,0,0,0,0,0,0,0,0,0,0,0,0,0,0,0,0,0,0,0,0,0,0,0,0,0,0,0,0,0,0,0,0,0,0,0,0,0,0
C08,Transitar sin los dispositivos luminosos requeridos,0,0,0,0,0,0,0,0,0,0,0,0,0,0,0,0,0,0,0,0,0,0,0,0,0,0,0,0,1,0,0,0,0,0,0,0,0,0,1,0,0,0,0,0,0,0,0,0,0,0,0,0,0,0,0,0,0,0,0,0,0,0,0,0,0
C09,No respetar las señales de detención en el cruce de una línea férrea a una distancia mínima de cinco (5) metros de la vía férrea o conducir por la vía férrea o por la zonas de protección y seguridad de ella.,0,0,0,0,0,0,0,0,0,0,0,0,0,0,0,0,0,0,0,0,0,0,0,0,0,0,0,0,0,0,0,0,0,0,0,0,0,0,0,0,0,0,0,0,0,0,0,0,0,0,0,0,0,0,0,0,0,0,0,0,0,0,0,0,0
C10,Conducir un vehículo con una o varias puertas abiertas,0,0,0,0,0,0,0,0,0,0,0,0,0,0,0,0,0,0,0,0,0,0,0,0,0,0,0,0,0,0,0,0,0,0,0,0,0,0,0,0,0,0,0,0,0,0,0,0,0,0,0,0,0,0,0,0,0,0,0,0,0,0,0,0,0
C11,No portar el equipo de prevención y seguridad establecido en este código o en la reglamentación correspondiente,0,0,0,0,0,1,1,1,1,0,0,0,3,0,0,0,0,0,0,0,0,0,0,0,0,0,0,1,0,1,0,0,0,0,1,0,0,0,3,0,0,0,0,0,0,0,0,0,0,0,0,0,0,1,1,1,0,0,0,0,0,0,0,0,3
C12,"Proveer de combustible un vehículo automotor con el motor encendido, con pasajeros a bordo cuando el vehículo es de servicio público de radio de acción nacional, especial, escolar",0,0,0,0,0,0,0,0,0,0,0,0,0,0,0,0,0,0,0,0,0,0,0,0,0,0,0,0,0,0,0,0,0,0,0,0,0,0,0,0,0,0,0,0,0,0,0,0,0,0,0,0,0,0,0,0,0,0,0,0,0,0,0,0,0
C13,"Conducir un vehículo automotor sin las adaptaciones pertinentes, cuando el conductor padece de limitación física",0,0,0,0,0,0,0,0,0,0,0,0,0,0,0,0,0,0,0,0,0,0,0,0,0,0,0,0,0,0,0,0,0,0,0,0,0,0,0,0,0,0,0,0,0,0,0,0,0,0,0,0,0,0,0,0,0,0,0,0,0,0,0,0,0
C16,Conducir un vehículo escolar sin el permiso respectivo o los distintivos reglamentarios,0,0,0,0,0,0,0,0,0,0,1,0,1,0,0,0,0,0,0,0,0,0,0,0,0,0,0,0,0,0,0,0,0,0,0,0,0,0,0,0,0,0,0,0,0,0,0,0,0,0,0,0,0,0,0,0,0,0,0,0,0,0,0,0,0
C17,"Circular con combinaciones de vehículos de dos (2) o más unidades remolcadas, sin autorización especial de autoridad competente",0,0,0,0,0,0,0,0,0,0,0,0,0,0,0,0,0,0,0,0,0,0,0,0,0,0,0,0,0,0,0,0,0,0,0,0,0,0,0,0,0,0,0,0,0,0,0,0,0,0,0,0,0,0,0,0,0,0,0,0,0,0,0,0,0
C18,"Conducir un vehículo autorizado para prestar servicio público con el taxímetro dañado, con los sellos rotos o etiquetas adhesivas con calibración vencida o adulteradas o cuando se carezca de él, o cuando aún teniéndolo, no cumpla con las normas mínimas de calidad y seguridad exigidas",0,0,0,0,0,0,0,0,0,0,0,0,0,0,0,0,0,0,0,0,0,0,0,0,0,0,0,0,0,0,0,0,0,0,0,0,0,0,0,0,0,0,0,0,0,0,0,0,0,0,0,0,0,0,0,0,0,0,0,0,0,0,0,0,0
C19,"Dejar o recoger pasajeros en sitios distintos de los demarcados por las autoridades, al costado  derecho de la vía, salvo en paraderos especiales de vías troncales que sean diseñadas y operadas con destinación exclusiva al trasporte público masivo.",0,0,0,1,0,0,0,0,0,0,0,0,1,0,0,0,0,0,0,0,0,0,0,0,0,0,0,0,0,0,0,0,0,0,0,0,0,0,0,0,0,0,0,0,0,0,0,0,0,0,0,0,0,0,0,0,0,0,0,0,0,0,0,0,0
C20,"Conducir un vehículo de carga en que se transporten materiales de construcción  o a granel sin las medidas de protección, higiene y seguridad ordenadas",0,0,0,0,0,0,0,0,0,0,0,0,0,0,0,0,0,0,0,0,0,0,0,0,0,0,0,0,0,0,0,0,0,0,1,0,0,0,1,4,0,0,0,1,0,0,0,0,0,0,0,5,0,0,0,0,0,1,0,0,1,1,0,0,3
C21,"No asegurar la carga para evitar que se caigan en la vía las cosas transportadas. Además, se inmovilizará el vehículo hasta tanto se remedie la situación",0,1,0,0,2,0,0,0,5,0,0,0,8,0,0,0,0,0,0,0,0,0,0,0,0,0,0,0,0,0,0,0,0,0,1,0,0,0,1,0,0,0,0,0,0,0,0,0,0,0,0,0,0,0,0,0,0,0,0,0,0,0,0,0,0
C22,"Transportar carga de dimensiones superiores a las autorizadas sin cumplir con los requisitos exigidos. Además, el vehículo será inmovilizado hasta que se remedie dicha situación",0,0,0,0,0,1,1,0,0,0,0,1,2,0,0,0,0,0,0,0,0,0,0,0,0,0,0,1,0,0,1,0,0,0,4,0,0,0,6,0,0,0,0,0,1,0,0,0,0,0,0,1,0,0,0,0,0,0,0,0,1,1,0,0,2
C25,"Transitar, cuando hubiere más de un carril, por el carril izquierdo de la vía a velocidad que entorpezca el tránsito de los demás vehículos",0,0,0,0,0,0,0,0,0,0,0,0,0,0,0,0,0,0,0,0,0,0,0,0,0,0,0,0,0,0,0,0,0,0,0,0,0,0,0,0,0,0,0,0,0,0,0,0,0,0,0,0,0,0,0,0,0,0,0,0,0,0,0,0,0
C26,Transitar en vehículos de 3.5 o más toneladas por el carril izquierdo de la vía cuando hubiere más de un carril,0,0,0,0,0,0,0,0,0,0,0,0,0,0,0,0,0,0,0,0,0,0,0,0,0,0,0,0,0,0,0,0,0,0,0,0,0,0,0,0,0,0,0,0,0,0,0,0,0,0,0,0,0,0,0,0,0,0,0,0,0,0,0,0,0
C27,"Conducir un vehículo cuya carga o pasajeros obstruyan la visibilidad del conductor hacia el frente, atrás o costados, o impidan el control sobre el sistema de dirección, frenos o seguridad",0,0,0,0,0,0,0,0,0,0,0,0,0,0,0,0,0,0,0,0,0,0,0,0,0,0,0,0,3,0,0,0,0,1,0,0,0,0,4,0,0,0,0,0,0,0,0,0,0,0,0,0,0,0,0,0,0,0,0,0,0,0,0,0,0
C29,Conducir un vehículo a velocidad superior a la máxima permitida,0,4,3,14,36,0,0,0,0,0,6,0,64,0,0,0,0,0,0,0,0,0,0,0,0,0,0,0,3,11,0,0,0,0,0,0,0,0,14,1,0,0,0,0,0,0,0,0,0,0,0,1,0,0,0,0,0,0,0,0,0,0,0,0,0
C30,No atender una señal de ceda el paso,0,0,0,0,0,0,0,0,0,0,0,0,0,0,0,0,0,0,0,0,0,0,0,0,0,0,0,0,0,0,0,0,0,0,0,0,0,0,0,0,0,0,0,0,0,0,0,0,0,0,0,0,0,0,0,0,0,0,0,0,0,0,0,0,0
C32,No respetar el paso de peatones que cruzan una vía en sitio permitido para ellos o no darles la prelación en las franjas para ello establecidas,0,0,0,0,0,0,0,0,0,0,0,0,0,0,0,0,0,0,0,0,0,0,0,0,0,0,0,0,0,0,0,0,0,0,0,0,0,0,0,0,0,0,0,0,0,0,0,0,0,0,0,0,0,0,0,0,0,0,0,0,0,0,0,0,0
C33,Poner un vehículo en marcha sin las precauciones para evitar choques,0,0,0,1,0,0,0,0,0,0,0,0,1,0,0,0,0,0,0,0,0,0,0,0,0,0,0,0,0,0,0,0,0,1,0,0,0,0,1,0,0,0,0,0,0,0,0,0,0,0,0,0,0,0,0,0,0,0,0,0,0,0,0,0,0
C34,"Reparar un vehículo en las vías públicas, parque o acera, o hacerlo en caso de emergencia, sin atender el procedimiento señalado en este código. O reparar vehículos automotores en la zona de seguridad y protección  de la vía férrea, en los patios de maniobras de las estaciones.",0,0,0,0,0,0,0,0,0,0,0,0,0,0,0,0,0,0,0,0,0,0,0,0,0,0,0,0,0,0,0,0,0,0,0,0,0,0,0,0,0,0,0,0,0,0,0,0,0,0,0,0,0,0,0,0,0,0,0,0,0,0,0,0,0
C36,Transportar carga en contenedores sin los dispositivos especiales de sujeción. El vehículo será inmovilizado,0,0,0,0,0,0,0,0,0,0,0,0,0,0,0,0,0,0,0,0,0,0,0,0,0,0,0,0,0,0,0,0,0,0,1,0,0,0,1,0,0,0,0,0,0,0,0,0,0,0,0,0,0,0,0,0,0,0,0,0,0,0,0,0,0
C38,"Usar sistemas móviles de comunicación o teléfonos instalados en los vehículos al momento de conducir, exceptuando si éstos son utilizados con accesorios o equipos auxiliares que permitan tener las manos libres",0,0,3,0,0,0,0,2,0,0,0,0,5,0,0,0,0,0,0,0,0,0,0,0,0,0,0,0,0,1,0,0,1,0,0,0,0,0,2,1,0,0,0,0,0,0,0,0,0,0,0,1,0,0,0,0,0,0,0,0,0,0,0,0,0
C39,"Vulnerar las siguientes reglas de estacionamiento contenidas en el art 77 de este código. En autopistas y zonas rurales, los vehículos podrán  estacionarse únicamente por fuera de la vía colocando en el día señales reflectabas de peligro, y en la noche luces de estacionamiento y señales luminosas",0,0,0,0,0,0,0,0,0,0,0,0,0,0,0,0,0,0,0,0,0,0,0,0,0,0,0,0,0,0,0,0,0,0,0,0,0,0,0,0,0,0,0,0,0,0,0,0,0,0,0,0,0,0,0,0,0,0,0,0,0,0,0,0,0
C40,Los conductores con movilidad normal que estacionen sus vehículos en lugares públicos de estacionamiento  específicamente demarcado  con el símbolo internacional de accesibilidad para los automotores que transporte o sean conducidos por personas con movilidad reducida,0,0,0,0,0,0,0,0,0,0,0,0,0,0,0,0,0,0,0,0,0,0,0,0,0,0,0,0,0,0,0,0,0,0,0,0,0,0,0,0,0,0,0,0,0,0,0,0,0,0,0,0,0,0,0,0,0,0,0,0,0,0,0,0,0
D03,"Transitar en sentido contrario al estipulado para la vía, calzada o carril",0,0,1,3,0,2,2,6,0,1,0,0,13,0,0,0,1,3,8,1,0,0,0,0,0,13,0,0,1,4,0,0,2,2,1,0,1,0,11,3,3,2,0,4,1,0,0,0,0,0,0,13,0,1,0,0,0,1,0,0,0,0,0,0,2
D04,"No detenerse ante una luz roja o amarilla de semáforo, una señal de 'PARE' o un semáforo intermitente en rojo",0,0,1,0,4,0,0,0,0,0,0,0,5,0,0,0,0,0,0,0,0,0,0,0,0,0,0,0,0,0,0,0,0,0,0,0,0,0,0,0,0,0,0,0,0,0,0,0,0,0,0,0,0,0,0,0,0,0,0,0,0,0,0,0,0
D05,"Conducir un vehículo sobre aceras, plazas, vías peatonales, separadores, bermas, demarcaciones de canalización, zonas verdes o vías especiales para vehículos no motorizados",0,1,1,0,1,0,0,0,0,0,0,0,3,0,0,0,0,0,0,0,0,0,0,0,0,0,0,0,0,0,0,0,0,0,0,0,0,0,0,0,0,0,0,0,0,0,0,0,0,0,0,0,0,0,0,0,0,0,0,0,0,0,0,0,0
D08,"Conducir un vehículo sin luces o sin los dispositivos luminosos de posición, direccionales o de freno, o con alguna de ellas dañada, en las horas o circunstancias en que lo exige este código. Además, el vehículo será inmovilizado, cuando no le funcionen dos (2) o más de estas luces",0,2,1,0,5,2,2,2,0,0,1,1,22,1,0,0,0,0,1,0,0,0,0,0,0,2,0,0,0,1,0,1,0,2,0,1,3,0,8,0,1,0,0,0,0,0,0,0,0,0,0,1,0,0,3,1,2,1,0,0,0,1,0,0,8
D09,"No permitir el paso de los vehículos de emergencia, esto es, ambulancias, vehículos de cuerpo de bomberos, vehículos de socorro emergencia y de policía o ejercito. El conductor debe orillarse al costado derecho de la calzada o carril y detener el movimiento del vehículo, cuando anuncien su presencia",0,0,0,0,0,0,0,0,0,0,0,0,0,0,0,0,0,0,0,0,0,0,0,0,0,0,0,0,0,0,0,0,0,0,0,0,0,0,0,0,0,0,0,0,0,0,0,0,0,0,0,0,0,0,1,0,0,0,0,0,0,0,0,0,1
D10,Conducir un vehículo para transporte escolar con exceso de velocidad en las vías urbanas no será mayor de (60) kilómetros por hora siempre y cuando se encuentra debidamente señalizada. En carreteras departamentales y nacionales  no podrá ser superior a (80) kilómetros por hora,0,0,0,0,0,0,0,0,0,0,0,0,0,0,1,0,1,0,0,0,0,0,0,0,0,2,0,0,1,0,0,0,0,0,0,0,0,0,1,0,0,0,0,0,0,0,0,0,0,0,0,0,0,0,0,0,0,0,0,0,0,0,0,0,0
D11,"Permitir el servicio público de pasajeros que no tenga la salida de emergencia en cada uno de sus costados adicionalmente a las puertas de ascenso de pasajeros. En este caso, la multa se impondrá solidariamente a la empresa a la cual está afiliado y al propietario.",0,0,0,0,0,0,0,0,1,0,0,0,1,0,0,0,0,0,0,0,0,0,0,0,0,0,0,0,0,0,0,0,0,0,0,0,0,0,0,0,0,0,0,0,0,0,0,0,0,0,0,0,0,0,0,0,0,0,0,0,0,0,0,0,0
D14,Las autoridades de tránsito ordenarán la inmovilización inmediata de los vehículos que usen para su movilización combustibles no regulados como gas propano u otros que pongan en peligro la vida de los usuarios o de los peatones,0,0,0,0,0,0,0,0,0,0,0,0,0,0,0,0,0,0,0,0,0,0,0,0,0,0,0,0,0,0,0,0,0,0,0,0,0,0,0,0,0,0,0,0,0,0,0,0,0,0,0,0,0,0,0,0,0,0,0,0,0,0,0,0,0
D15,"Cambio del recorrido o trazado de la ruta para vehículo de servicio de transporte público de pasajeros, autorizado por el organismo de transito correspondiente. En este caso, la multa se impondrá solidariamente a la empresa a la cual este afiliado el vehículo y al propietario.",0,0,0,0,0,0,0,0,0,0,0,0,0,0,0,0,0,0,0,0,0,0,0,0,0,0,0,0,0,0,0,0,0,0,0,0,0,0,0,0,0,0,0,0,0,0,0,0,0,0,0,0,0,0,0,0,0,0,0,0,0,0,0,0,0
D16,"Arrojar Residuos Sólidos al espacio público desde un vehículos automotor o de tracción animal o humana, estacionado o en movimiento",0,0,0,0,0,0,0,0,0,0,0,0,0,0,0,0,0,0,0,0,0,0,0,0,0,0,0,0,0,0,0,0,0,0,0,0,0,0,0,0,0,0,0,0,0,0,0,0,0,0,0,0,0,0,0,0,0,0,0,0,0,0,0,0,0
D17,Cuando se detecte o advierta una infracción a las normas de emisión contaminante o de generación de ruido por vehículos automotores.,0,0,0,0,0,0,0,0,0,0,0,0,0,0,0,0,0,0,0,0,0,0,0,0,0,0,0,0,0,0,0,0,0,0,0,0,0,0,0,0,0,0,0,0,0,0,0,0,0,0,0,0,0,0,0,0,0,0,0,0,0,0,0,0,0
E01,"Proveer combustible a vehículos de servicio público con pasajeros a bordo. Adicionalmente, deberá ser suspendida la licencia de conducción por un término de seis (6) meses",0,0,0,0,0,0,0,0,0,0,0,0,0,0,0,0,0,0,0,0,0,0,0,0,0,0,0,0,0,0,0,0,0,0,0,0,0,0,0,0,0,0,0,0,0,0,0,0,0,0,0,0,0,0,0,0,0,0,0,0,0,0,0,0,0
E02,"Negarse a prestar el Servicio Público, sin causa justificada, siempre que dicha negativa cause alteración del orden público",0,0,0,0,0,0,0,0,0,0,0,0,0,0,0,0,0,0,0,0,0,0,0,0,0,0,0,0,0,0,0,0,0,0,0,0,0,0,0,0,0,0,0,0,0,0,0,0,0,0,0,0,0,0,0,0,0,0,2,0,0,0,0,0,2
E04,"Transportar en el mismo vehículo y al mismo tiempo personas y sustancias peligrosas como explosivos, tóxicos, radiactivos, combustibles no autorizados etc. En estos casos se suspenderá la licencia por un (1) año y por dos (2) años cada vez que reincida. I",0,0,0,0,0,0,0,0,0,0,0,0,0,0,0,0,0,0,0,0,0,0,0,0,0,0,0,0,0,0,0,0,0,0,0,0,0,0,0,0,0,0,0,0,0,0,0,0,0,0,0,0,0,0,0,0,0,0,0,0,0,0,0,0,0
F,"F.3.3 Conducir en estado de embriaguez, con grado 3 y tercera reincidencia",0,0,0,0,0,0,0,0,0,0,0,0,0,0,0,0,0,0,0,0,0,0,0,0,0,0,0,0,0,0,0,0,0,0,0,0,0,0,0,0,0,0,0,0,0,0,0,0,0,0,0,0,0,0,0,0,0,0,0,0,0,0,0,0,0
F,"F.3.2 Conducir en estado de embriaguez, con grado 3 y segunda reincidencia",0,0,0,0,0,0,0,0,0,0,0,0,0,0,0,0,0,0,0,0,0,0,0,0,0,0,0,0,0,0,0,0,0,0,0,0,0,0,0,0,0,0,0,0,0,0,0,0,0,0,0,0,0,0,0,0,0,0,0,0,0,0,0,0,0
F,"F.3.1 Conducir en estado de embriaguez, con grado 3 y primera reincidencia",0,0,0,0,0,0,0,0,0,0,0,0,0,0,0,0,0,0,0,0,0,0,0,0,0,0,0,0,0,0,0,0,0,0,0,0,0,0,0,0,0,0,0,0,0,0,0,0,0,0,0,0,0,0,0,0,0,0,0,0,0,0,0,0,0
F,"F.2.3 Conducir en estado de embriaguez, con grado 2 y tercera reincidencia",0,0,0,0,0,0,0,0,0,0,0,0,0,0,0,0,0,0,0,0,0,0,0,0,0,0,0,0,0,0,0,0,0,0,0,0,0,0,0,0,0,0,0,0,0,0,0,0,0,0,0,0,0,0,0,0,0,0,0,0,0,0,0,0,0
F,"F.2.2 Conducir en estado de embriaguez, con grado 2 y segunda reincidencia",0,0,0,0,0,0,0,0,0,0,0,0,0,0,0,0,0,0,0,0,0,0,0,0,0,0,0,0,0,0,0,0,0,0,0,0,0,0,0,0,0,0,0,0,0,0,0,0,0,0,0,0,0,0,0,0,0,0,0,0,0,0,0,0,0
F,"F.2.1 Conducir en estado de embriaguez, con grado 2 y primera reincidencia",0,0,0,0,0,0,0,0,0,0,0,0,0,0,0,0,0,0,0,0,0,0,0,0,0,0,0,0,0,0,0,0,0,0,0,0,0,0,0,0,0,0,0,0,0,0,0,0,0,0,0,0,0,0,0,0,0,0,0,0,0,0,0,0,0
F,"F.1.3 Conducir en estado de embriaguez, con grado 1 y tercera reincidencia",0,0,0,0,0,0,0,0,0,0,0,0,0,0,0,0,0,0,0,0,0,0,0,0,0,0,0,0,0,0,0,0,0,0,0,0,0,0,0,0,0,0,0,0,0,0,0,0,0,0,0,0,0,0,0,0,0,0,0,0,0,0,0,0,0
F,"F.1.2 Conducir en estado de embriaguez, con grado 1 y segunda reincidencia",0,0,0,0,0,0,0,0,0,0,0,0,0,0,0,0,0,0,0,0,0,0,0,0,0,0,0,0,0,0,0,0,0,0,0,0,0,0,0,0,0,0,0,0,0,0,0,0,0,0,0,0,0,0,0,0,0,0,0,0,0,0,0,0,0
F,"F.0.1 Conducir en estado de embriaguez, con grado 0 y primer reincidencia",0,0,0,0,0,0,0,0,0,0,0,0,0,0,0,0,0,0,0,0,0,0,0,0,0,0,0,0,0,0,0,0,0,0,0,0,0,0,0,0,0,0,0,0,0,0,0,0,0,0,0,0,0,0,0,0,0,0,0,0,0,0,0,0,0
F,Negarse a examén de alcoholemia,0,0,0,0,0,0,0,0,0,0,0,0,0,0,0,0,0,0,0,0,0,0,0,0,0,0,0,0,0,0,0,0,0,0,0,0,0,0,0,0,0,0,0,0,0,0,0,0,0,0,0,0,0,0,0,0,0,0,0,0,0,0,0,0,0
F,"F.0.3 Conducir en estado de embriaguez, con grado 0 y tercera reincidencia",0,0,0,0,0,0,0,0,0,0,0,0,0,0,0,0,0,0,0,0,0,0,0,0,0,0,0,0,0,0,0,0,0,0,0,0,0,0,0,0,0,0,0,0,0,0,0,0,0,0,0,0,0,0,0,0,0,0,0,0,0,0,0,0,0
F,"F.1.1 Conducir en estado de embriaguez, con grado 1 y primera reincidencia",0,0,0,0,0,0,0,0,0,0,0,0,0,0,0,0,0,0,0,0,0,0,0,0,0,0,0,0,0,0,0,0,0,0,0,0,0,0,0,0,0,0,0,0,0,0,0,0,0,0,0,0,0,0,0,0,0,0,0,0,0,0,0,0,0
F04,Colocarse delante o detrás de un vehículo que tenga el motor encendido.,0,0,0,0,0,0,0,0,0,0,0,0,0,0,0,0,0,0,0,0,0,0,0,0,0,0,0,0,0,0,0,0,0,0,0,0,0,0,0,0,0,0,0,0,0,0,0,0,0,0,0,0,0,0,0,0,0,0,0,0,0,0,0,0,0
F05,Remolcarse de vehículos en movimiento.,0,0,0,0,0,0,0,0,0,0,0,0,0,0,0,0,0,0,0,0,0,0,0,0,0,0,0,0,0,0,0,0,0,0,0,0,0,0,0,0,0,0,0,0,0,0,0,0,0,0,0,0,0,0,0,0,0,0,0,0,0,0,0,0,0
F06,Actuar de manera que ponga en peligro su integridad física.,0,0,0,0,0,0,0,0,0,0,0,0,0,0,0,0,0,0,0,0,0,0,0,0,0,0,0,0,0,1,0,0,0,0,0,0,0,0,1,0,0,0,0,0,0,0,0,0,0,0,0,0,0,0,0,0,0,0,0,0,0,0,0,0,0
F07,Cruzar la Via Atravesando  el trafico Vehicular en lugares en donde Existen Pasos Peatonales,0,0,0,0,0,0,0,0,0,0,0,0,0,0,0,0,0,0,0,0,0,0,0,0,0,0,0,0,0,0,0,0,0,0,0,0,0,0,0,11,0,0,0,0,0,0,0,0,0,0,0,11,0,0,0,0,0,0,0,0,0,0,0,0,0
F08,"Ocupar la zona de seguridad y protección de la vía férrea, la cual se establece a una distancia no menor de doce (12) metros a lado y lado del eje de la vía férrea.",0,0,0,0,0,0,0,0,0,0,0,0,0,0,0,0,0,0,0,0,0,0,0,0,0,0,0,0,0,0,0,0,0,0,0,0,0,0,0,0,0,0,0,0,0,0,0,0,0,0,0,0,0,0,0,0,0,0,0,0,0,0,0,0,0
F09,"Subirse o bajarse de los vehículos, estando éstos en movimiento, cualquiera que sea la operación o maniobra que estén realizando.",0,0,0,0,0,0,0,0,0,0,0,0,0,0,0,0,0,0,0,0,0,0,0,0,0,0,0,0,0,0,0,0,0,0,0,0,0,0,0,0,0,0,0,0,0,0,0,0,0,0,0,0,0,0,0,0,0,0,0,0,0,0,0,0,0
F10,"Transitar por los túneles, puentes y viaductos de las vías férreas.",0,0,0,0,0,0,0,0,0,0,0,0,0,0,0,0,0,0,0,0,0,0,0,0,0,0,0,0,0,0,0,0,0,0,0,0,0,0,0,0,0,0,0,0,0,0,0,0,0,0,0,0,0,0,0,0,0,0,0,0,0,0,0,0,0
F11,"En relación con el STTMP, éstos no deben ocupar la zona de seguridad y corredores de tránsito de los vehículos del STTMP, fuera de los lugares expresamente autorizados y habilitados para ello.",0,0,0,0,0,0,0,0,0,0,0,0,0,0,0,0,0,0,0,0,0,0,0,0,0,0,0,0,0,0,0,0,0,0,0,0,0,0,0,0,0,0,0,0,0,0,0,0,0,0,0,0,0,0,0,0,0,0,0,0,0,0,0,0,0
F12,"Dentro del perímetro urbano, el cruce debe hacerse sólo por las zonas autorizadas, como los puentes peatonales, los pasos peatonales y las bocacalles.",0,0,0,0,0,0,0,0,0,0,0,0,0,0,0,0,0,0,0,0,0,0,0,0,0,0,0,0,0,0,0,0,0,0,0,0,0,0,0,0,0,0,0,0,0,0,0,0,0,0,0,0,0,0,0,0,0,0,0,0,0,0,0,0,0
G01,"El pasajero que sea sorprendido fumando en un vehículo de servicio público, será obligado a abandonar el automotor y deberá asistir a un curso de seguridad vial.",0,0,0,0,0,0,0,0,0,0,0,0,0,0,0,0,0,0,0,0,0,0,0,0,0,0,0,0,0,0,0,0,0,0,0,0,0,0,0,0,0,0,0,0,0,0,0,0,0,0,0,0,0,0,0,0,0,0,0,0,0,0,0,0,0
G02,"Los peatones y ciclistas que no cumplan con las disposiciones de éste código, serán amonestados por la autoridad de tránsito competente y deberán asistir a un curso formativo dictado por las autoridades de tránsito.",0,0,0,0,0,0,0,0,0,0,0,0,0,0,0,0,0,0,0,0,0,0,0,0,0,0,0,0,0,0,0,0,0,0,0,0,0,0,0,0,0,0,0,0,0,0,0,0,0,0,0,0,0,0,0,0,0,0,0,0,0,1,0,0,1
H01,Circular portando defensas rígidas diferentes de las instaladas originalmente por el fabricante. Además el vehículo será inmovilizado  previamente hasta que sean retiradas.,0,0,0,0,0,0,0,0,0,0,0,0,0,0,0,0,0,0,0,0,0,0,0,0,0,0,0,0,0,0,0,0,0,0,0,1,0,0,1,0,0,0,0,0,0,0,0,0,0,0,0,0,0,0,0,0,0,0,0,0,0,0,0,0,0
H04,El conductor que no respecte los derechos e integridad de los peatones,0,0,0,0,0,0,0,0,0,0,0,0,0,0,0,0,0,0,0,0,0,0,0,0,0,0,0,0,0,0,0,0,0,0,0,0,0,0,0,0,0,0,0,0,0,0,0,0,0,0,0,0,0,0,0,0,0,0,0,0,0,0,0,0,0
H05,El conductor que no respete la prelacion de paso de Intersecciones o giros o según la clasificacion de vias,0,0,0,0,0,0,0,0,0,0,0,0,0,0,0,0,0,0,0,0,0,0,0,0,0,0,0,0,0,0,0,0,0,0,0,0,0,0,0,0,0,0,0,0,0,0,0,0,0,0,0,0,0,0,0,0,0,0,0,0,0,0,0,0,0
H06,EL conductor que no tome las medidas necesarias para evitar el movimiento de vehículo estacionado. En vehículo de tracción animal no bloquear las ruedas para evitar su movimiento.,0,0,0,0,0,0,0,0,0,0,0,0,0,0,0,0,0,0,0,0,0,0,0,0,0,0,0,0,0,0,0,0,0,0,0,0,0,0,0,0,0,0,0,0,0,0,0,0,0,0,0,0,0,0,0,0,0,0,0,0,0,0,0,0,0
H07,El conductor que lleve pasajeros en la parte exterior del vehículos,0,0,0,0,0,0,0,0,0,0,0,0,0,0,0,0,0,0,0,0,0,0,0,0,0,0,0,0,0,0,0,0,0,0,0,0,0,0,0,0,0,0,0,0,0,0,0,0,0,0,0,0,0,0,0,0,0,0,0,0,0,0,0,0,0
H08,El conductor que porte luces exploradoras en la parte posterior del vehículo. Además el vehículo será inmovilizado preventivamente hasta que sean retiradas.,0,0,0,0,0,0,0,0,0,0,0,0,0,0,0,0,0,0,0,0,0,0,0,0,0,0,0,0,0,0,0,0,0,0,0,0,0,0,0,0,0,0,0,0,0,0,0,0,0,0,0,0,0,0,0,0,0,0,0,0,0,0,0,0,0
H09,"El pasajero que profiera expresiones injuriosas o groseras, promueva riñas o cause cualquier molestia a los demás pasajeros, además la orden de abandonar el vehículo, sin perjuicio de las sanciones a que haya lugar.",0,0,0,0,0,0,0,0,0,0,0,0,0,0,0,0,0,0,0,0,0,0,0,0,0,0,0,0,0,0,0,0,0,0,0,0,0,0,0,0,0,0,0,0,0,0,0,0,0,0,0,0,0,0,0,0,0,0,0,0,0,0,0,0,0
H10,Los conductores de vehículos no automotores que incurran en las siguientes infracciones:,0,0,0,0,0,0,0,0,0,0,0,0,0,0,0,0,0,0,0,0,0,0,0,0,0,0,0,0,0,0,0,0,0,0,0,0,0,0,0,0,0,0,0,0,0,0,0,0,0,0,0,0,0,0,0,0,0,0,0,0,0,0,0,0,0
H11,"Viajar los Menores de dos (2) años solos en el asiento posterior sin hacer uso  de  una silla que garantice su seguridad y que permita su fijación a el ,  siempre y cuando el menor viaje únicamente en compañía del conductor",0,0,0,0,0,0,0,0,0,0,0,0,0,0,0,0,0,0,0,0,0,0,0,0,0,0,0,0,0,0,0,0,0,0,0,0,0,0,0,0,0,0,0,0,0,0,0,0,0,0,0,0,0,0,0,0,0,0,0,0,0,0,0,0,0
H12,Transitar en vehículos de alto tonelaje por las vías de sitios que estén declarados o se declaren como monumentos de conservación histórica.,0,0,0,0,0,0,0,0,0,0,0,0,0,0,0,0,0,0,0,0,0,0,0,0,0,0,0,0,0,0,0,0,0,0,0,0,0,0,0,0,0,0,0,0,0,0,0,0,0,0,0,0,0,0,0,0,0,0,0,0,0,0,0,0,0
H13,Las demás conductas que constituyan infracción a las normas de transito y que no se encuentren descritas en este acto administrativo.,0,0,0,0,0,0,0,0,0,0,1,1,2,0,0,0,0,0,0,0,0,0,0,0,0,0,0,0,0,0,0,0,0,0,0,0,0,0,0,0,0,0,0,0,4,4,0,0,0,0,0,8,0,0,0,0,0,0,0,0,0,0,0,0,0
I01,"El Conductor que sea sorprendido fumando mientras conduce, dara lugar a la impocision de diez (10) salarios minimos legales diarios vigentes. Si se tratare de un  conductor de servicio publico, ademas debera asistir a un curso de segurida vial.",0,0,0,0,0,0,0,0,0,0,0,0,0,0,0,0,0,0,0,0,0,0,0,0,0,0,0,0,0,0,0,0,0,0,0,0,0,0,0,0,0,0,0,0,0,0,0,0,0,0,0,0,0,0,0,0,0,0,0,0,0,0,0,0,0
I02,"Quien incumpla la obligación consagrada en el Art 21 de este código, y se le compruebe que en caso de un accidente la deficiencia de carácter orgánico o funcional fue su causa, el conductor se hará acreedor a una multa de hasta cien (100) SMDLV  y la suspensión de licencia conducción  hasta (5) años",0,0,0,0,0,0,0,0,0,0,0,0,0,0,0,0,0,0,0,0,0,0,0,0,0,0,0,0,0,0,0,0,0,0,0,0,0,0,0,0,0,0,0,0,0,0,0,0,0,0,0,0,0,0,0,0,0,0,0,0,0,0,0,0,0
J01,"El particular u organismo estatal que dañe, retire, o modifique las señales u otros elementos reguladores o indicadores del tráfico en las ciudades, será sancionado con multa equivalente a tres (3) salarios mínimos legales mensuales vigentes.",0,0,0,0,0,0,0,0,0,0,0,0,0,0,0,0,0,0,0,0,0,0,0,0,0,0,0,0,0,0,0,0,0,0,0,0,0,0,0,0,0,0,0,0,0,0,0,0,0,0,0,0,0,0,0,0,0,0,0,0,0,0,0,0,0
J02,"En caso de inmovilización de vehículos de servicio público, el incumplimiento del compromiso suscrito por el propietario o infractor de subsanar la falta en un plazo no mayor a cinco (5) días, dará lugar a una multa de veinte (20) salarios mínimos legales mensuales vigentes a cargo del propietario",0,0,0,0,0,0,0,0,0,0,0,0,0,0,0,0,0,0,0,0,0,0,0,0,0,0,0,0,0,0,0,0,0,0,0,0,0,0,0,0,0,0,0,0,0,0,0,0,0,0,0,0,0,0,0,0,0,0,0,0,0,0,0,0,0
J03,"Serán sancionados con multa equivalente a mil (1.000) salarios mínimos legales diarios vigentes por cada unidad y a la cancelación de su registro, las ensambladoras o fabricantes de vehículos, carrocerías, remolques, semiremolques y similares",0,0,0,0,0,0,0,0,0,0,0,0,0,0,0,0,0,0,0,0,0,0,0,0,0,0,0,0,0,0,0,0,0,0,0,0,0,0,0,0,0,0,0,0,0,0,0,0,0,0,0,0,0,0,0,0,0,0,0,0,0,0,0,0,0
J04,Será sancionado con multa equivalente a cien (100) salarios mínimos legales diarios vigentes el propietario de expendio que provea de combustible a un vehículo automotor de servicio público con el motor encendido y pasajeros a bordo.,0,0,0,0,0,0,0,0,0,0,0,0,0,0,0,0,0,0,0,0,0,0,0,0,0,0,0,0,0,0,0,0,0,0,0,0,0,0,0,0,0,0,0,0,0,0,0,0,0,0,0,0,0,0,0,0,0,0,0,0,0,0,0,0,0
J05,"El propietario o administrador del parqueadero autorizado para materializar la inmovilización de un vehículo, que permita la salida de un vehículo inmovilizado por infracción a las normas de tránsito, sin orden de la autoridad competente.",0,0,0,0,0,0,0,0,0,0,0,0,0,0,0,0,0,0,0,0,0,0,0,0,0,0,0,0,0,0,0,0,0,0,0,0,0,0,0,0,0,0,0,0,0,0,0,0,0,0,0,0,0,0,0,0,0,0,0,0,0,0,0,0,0
J06,"El propietario o administrador del parqueadero autorizado que no entregue los elementos contenidos en el vehículo y relacionados en el inventario, así como las condiciones del estado exterior descritas a su recibo, será sancionado con una.",0,0,0,0,0,0,0,0,0,0,0,0,0,0,0,0,0,0,0,0,0,0,0,0,0,0,0,0,0,0,0,0,0,0,0,0,0,0,0,0,0,0,0,0,0,0,0,0,0,0,0,0,0,0,0,0,0,0,0,0,0,0,0,0,0
107,No asistir a curso programado de Capacitación,0,0,0,0,0,0,0,0,0,0,0,0,0,0,0,0,0,0,0,0,0,0,0,0,0,0,0,0,0,0,0,0,0,0,0,0,0,0,0,0,0,0,0,0,0,0,0,0,0,0,0,0,0,0,0,0,0,0,0,0,0,0,0,0,0
108,Asistir a curso de educación vial,0,0,0,0,0,0,0,0,0,0,0,0,0,0,0,0,0,0,0,0,0,0,0,0,0,0,0,0,0,0,0,0,0,0,0,0,0,0,0,0,0,0,0,0,0,0,0,0,0,0,0,0,0,0,0,0,0,0,0,0,0,0,0,0,0
109,No asistir curso vial Peaton,0,0,0,0,0,0,0,0,0,0,0,0,0,0,0,0,0,0,0,0,0,0,0,0,0,0,0,0,0,0,0,0,0,0,0,0,0,0,0,0,0,0,0,0,0,0,0,0,0,0,0,0,0,0,0,0,0,0,0,0,0,0,0,0,0
402,No suministrar la información que haya sido solicitada y que no repose en los archivos de la entidad solicitante.,0,0,0,0,0,0,0,0,0,0,0,0,0,0,0,0,0,0,0,0,0,0,0,0,0,0,0,0,0,0,0,0,0,0,0,0,0,0,0,0,0,0,0,0,0,0,0,0,0,0,0,0,0,0,0,0,0,0,0,0,0,0,0,0,0
403,"Permitir la prestación del servicio en vehículos vinculados, sin portar los distintivos de la misma o los señalados por las disposiciones legales vigentes según la modalidad de servicio.",0,0,0,0,0,0,0,0,0,0,0,0,0,0,0,0,0,0,0,0,0,0,0,0,0,0,0,0,0,0,0,0,0,0,0,0,0,0,0,0,0,0,0,0,0,0,0,0,0,0,0,0,0,0,0,0,0,0,0,0,0,0,0,0,0
404,Permitir la prestación del servicio en vehículos sin Tarjeta de Operación o con ésta vencida.,0,0,0,0,0,0,0,0,0,0,0,0,0,0,0,0,0,0,0,0,0,0,0,0,0,0,0,0,0,0,0,0,0,0,0,0,0,0,0,0,0,0,0,0,0,0,0,0,0,0,0,0,0,0,0,0,0,0,0,0,0,0,0,0,0
405,No expedir a los propietarios de los vehículos vinculados un estracto en el cual se discriminen los rubros y montos cobrados y pagados por cada concepto derivado del Contrato de Vinculación.,0,0,0,0,0,0,0,0,0,0,0,0,0,0,0,0,0,0,0,0,0,0,0,0,0,0,0,0,0,0,0,0,0,0,0,0,0,0,0,0,0,0,0,0,0,0,0,0,0,0,0,0,0,0,0,0,0,0,0,0,0,0,0,0,0
406,"Permitir la operación de los vehículos, sin tener los elementos de indentificación de rutas, el color o distintivo especial señalado por las autoridades para diferenciar el nivel de servicio o las tarifas que deben cobrar dichos automotores.",0,0,0,0,0,0,0,0,0,0,0,0,0,0,0,0,0,0,0,0,0,0,0,0,0,0,0,0,0,0,0,0,0,0,0,0,0,0,0,0,0,0,0,0,0,0,0,0,0,0,0,0,0,0,0,0,0,0,0,0,0,0,0,0,0
407,"No gestionar, obtener y suministrar oportunamente los documentos que sustentan la operación de los equipos, cuando el propietario, poseedor o tenedor del equipo haya entregado dentro de los términos legales a la empresa la documentación requerida para dicho trámite.",0,0,0,0,0,0,0,0,0,0,0,0,0,0,0,0,0,0,0,0,0,0,0,0,0,0,0,0,0,0,0,0,0,0,0,0,0,0,0,0,0,0,0,0,0,0,0,0,0,0,0,0,0,0,0,0,0,0,0,0,0,0,0,0,0
408,Exigir u obligar a los propietarios de los vehículos vinculados a comprar acciones de la empresa.,0,0,0,0,0,0,0,0,0,0,0,0,0,0,0,0,0,0,0,0,0,0,0,0,0,0,0,0,0,0,0,0,0,0,0,0,0,0,0,0,0,0,0,0,0,0,0,0,0,0,0,0,0,0,0,0,0,0,0,0,0,0,0,0,0
409,Cobrar a los propietarios de los vehículos mayor valor por concepto de pago de la prima de los seguros de responsabilidad civil contractual y extracontractual al realmente facturado por la compañía de seguros.,0,0,0,0,0,0,0,0,0,0,0,0,0,0,0,0,0,0,0,0,0,0,0,0,0,0,0,0,0,0,0,0,0,0,0,0,0,0,0,0,0,0,0,0,0,0,0,0,0,0,0,0,0,0,0,0,0,0,0,0,0,0,0,0,0
2090,No asistir al curso de seguridad vial,0,0,0,0,0,0,0,0,0,0,0,0,0,0,0,0,0,0,0,0,0,0,0,0,0,0,0,0,0,0,0,0,0,0,0,0,0,0,0,0,0,0,0,0,0,0,0,0,0,0,0,0,0,0,0,0,0,0,0,0,0,0,0,0,0
410,Exigir sumas de dinero por desvinculación o por expedición de paz y salvo.,0,0,0,0,0,0,0,0,0,0,0,0,0,0,0,0,0,0,0,0,0,0,0,0,0,0,0,0,0,0,0,0,0,0,0,0,0,0,0,0,0,0,0,0,0,0,0,0,0,0,0,0,0,0,0,0,0,0,0,0,0,0,0,0,0
411,Modificar el nivel de servicio autorizado.,0,0,0,0,0,0,0,0,0,0,0,0,0,0,0,0,0,0,0,0,0,0,0,0,0,0,0,0,0,0,0,0,0,0,0,0,0,0,0,0,0,0,0,0,0,0,0,0,0,0,0,0,0,0,0,0,0,0,0,0,0,0,0,0,0
412,Permitir la prestración del servicio en vehículos sin las necesarias condiciones de seguridad.,0,0,0,0,0,0,0,0,0,0,0,0,0,0,0,0,0,0,0,0,0,0,0,0,0,0,0,0,0,0,0,0,0,0,0,0,0,0,0,0,0,0,0,0,0,0,0,0,0,0,0,0,0,0,0,0,0,0,0,0,0,0,0,0,0
413,Retener por obligaciones contractuales o sin justa causa legal los documentos que sustentan la operación de los equipos.,0,0,0,0,0,0,0,0,0,0,0,0,0,0,0,0,0,0,0,0,0,0,0,0,0,0,0,0,0,0,0,0,0,0,0,0,0,0,0,0,0,0,0,0,0,0,0,0,0,0,0,0,0,0,0,0,0,0,0,0,0,0,0,0,0
414,"Exigir documentos adicionales a los establecidos en la Ley, para el trámite de los documentos que soportan la operación.",0,0,0,0,0,0,0,0,0,0,0,0,0,0,0,0,0,0,0,0,0,0,0,0,0,0,0,0,0,0,0,0,0,0,0,0,0,0,0,0,0,0,0,0,0,0,0,0,0,0,0,0,0,0,0,0,0,0,0,0,0,0,0,0,0
415,"Negarse, sin justa causa legal a expedir paz y salvo.",0,0,0,0,0,0,0,0,0,0,0,0,0,0,0,0,0,0,0,0,0,0,0,0,0,0,0,0,0,0,0,0,0,0,0,0,0,0,0,0,0,0,0,0,0,0,0,0,0,0,0,0,0,0,0,0,0,0,0,0,0,0,0,0,0
416,"Vincular a la empresa o permitir la prestación del servicio en vehículos no homologados para ésta modalidad de servicio, por el Ministerio de transporte o por quien haga sus veces.",0,0,0,0,0,0,0,0,0,0,0,0,0,0,0,0,0,0,0,0,0,0,0,0,0,0,0,0,0,0,0,0,0,0,0,0,0,0,0,0,0,0,0,0,0,0,0,0,0,0,0,0,0,0,0,0,0,0,0,0,0,0,0,0,0
417,"No mantener vigentes las pólizas de responsabilidad civil contractual y extracontractual exigidas, que las ampare, incluyendo a todos los vehículos vinculados, de los riesgos inherentes a la actividad transportadora.",0,0,0,0,0,0,0,0,0,0,0,0,0,0,0,0,0,0,0,0,0,0,0,0,0,0,0,0,0,0,0,0,0,0,0,0,0,0,0,0,0,0,0,0,0,0,0,0,0,0,0,0,0,0,0,0,0,0,0,0,0,0,0,0,0
418,Permitir la operación de los equipos por personas no idóneas.,0,0,0,0,0,0,0,0,0,0,0,0,0,0,0,0,0,0,0,0,0,0,0,0,0,0,0,0,0,0,0,0,0,0,0,0,0,0,0,0,0,0,0,0,0,0,0,0,0,0,0,0,0,0,0,0,0,0,0,0,0,0,0,0,0
419,Carecer de un programa y sistema de mantenimiento preventivo para los vehículos.,0,0,0,0,0,0,0,0,0,0,0,0,0,0,0,0,0,0,0,0,0,0,0,0,0,0,0,0,0,0,0,0,0,0,0,0,0,0,0,0,0,0,0,0,0,0,0,0,0,0,0,0,0,0,0,0,0,0,0,0,0,0,0,0,0
420,Permitir la prestación del servicio en vehículos conducidos por personas en estado de embriaguez o bajo efectos de sustancias alucinógenas.,0,0,0,0,0,0,0,0,0,0,0,0,0,0,0,0,0,0,0,0,0,0,0,0,0,0,0,0,0,0,0,0,0,0,0,0,0,0,0,0,0,0,0,0,0,0,0,0,0,0,0,0,0,0,0,0,0,0,0,0,0,0,0,0,0
421,No implementar el plan de rodamiento del parque automotor de la empresa o no reportarlo semestralmente o cuando sea modificado antes de este plazo.,0,0,0,0,0,0,0,0,0,0,0,0,0,0,0,0,0,0,0,0,0,0,0,0,0,0,0,0,0,0,0,0,0,0,0,0,0,0,0,0,0,0,0,0,0,0,0,0,0,0,0,0,0,0,0,0,0,0,0,0,0,0,0,0,0
422,"Permitir la prestación del servicio excediendo la capacidad transportadora autorizada, en número de pasajeros, de conformidad en lo establecido en la Ficha de Homologación.",0,0,0,0,0,0,0,0,0,0,0,0,0,0,0,0,0,0,0,0,0,0,0,0,0,0,0,0,0,0,0,0,0,0,0,0,0,0,0,0,0,0,0,0,0,0,0,0,0,0,0,0,0,0,0,0,0,0,0,0,0,0,0,0,0
423,Exceder la capacidad transportadora autorizada a la empresa.,0,0,0,0,0,0,0,0,0,0,0,0,0,0,0,0,0,0,0,0,0,0,0,0,0,0,0,0,0,0,0,0,0,0,0,0,0,0,0,0,0,0,0,0,0,0,0,0,0,0,0,0,0,0,0,0,0,0,0,0,0,0,0,0,0
424,No mantener en operación los mínimos de capacidad transportadora autorizada.,0,0,0,0,0,0,0,0,0,0,0,0,0,0,0,0,0,0,0,0,0,0,0,0,0,0,0,0,0,0,0,0,0,0,0,0,0,0,0,0,0,0,0,0,0,0,0,0,0,0,0,0,0,0,0,0,0,0,0,0,0,0,0,0,0
425,Alterar la Tarifa.,0,0,0,0,0,0,0,0,0,0,0,0,0,0,0,0,0,0,0,0,0,0,0,0,0,0,0,0,0,0,0,0,0,0,0,0,0,0,0,0,0,0,0,0,0,0,0,0,0,0,0,0,0,0,0,0,0,0,0,0,0,0,0,0,0
426,Despachar servicios de transporte en rutas o recorridos no autorizados.,0,0,0,0,0,0,0,0,0,0,0,0,0,0,0,0,0,0,0,0,0,0,0,0,0,0,0,0,0,0,0,0,0,0,0,0,0,0,0,0,0,0,0,0,0,0,0,0,0,0,0,0,0,0,0,0,0,0,0,0,0,0,0,0,0
427,Negarse sin justa causa a expedir oportunamente la Planilla de Despacho.,0,0,0,0,0,0,0,0,0,0,0,0,0,0,0,0,0,0,0,0,0,0,0,0,0,0,0,0,0,0,0,0,0,0,0,0,0,0,0,0,0,0,0,0,0,0,0,0,0,0,0,0,0,0,0,0,0,0,0,0,0,0,0,0,0
428,Cobrar valor alguno por la expedición de la Planilla de Despacho.,0,0,0,0,0,0,0,0,0,0,0,0,0,0,0,0,0,0,0,0,0,0,0,0,0,0,0,0,0,0,0,0,0,0,0,0,0,0,0,0,0,0,0,0,0,0,0,0,0,0,0,0,0,0,0,0,0,0,0,0,0,0,0,0,0
429,No suscribir los contratos de viinculación de los equipos conforme a los parámetros establecidos en la reglamentación expedida por el Gobierno Nacional para esta modalidad de servicio.,0,0,0,0,0,0,0,0,0,0,0,0,0,0,0,0,0,0,0,0,0,0,0,0,0,0,0,0,0,0,0,0,0,0,0,0,0,0,0,0,0,0,0,0,0,0,0,0,0,0,0,0,0,0,0,0,0,0,0,0,0,0,0,0,0
433,Negarse a prestar servicio sin justa causa justificada.,0,0,0,0,0,0,0,0,0,0,0,0,0,0,0,0,0,0,0,0,0,0,0,0,0,0,0,0,0,0,0,0,0,0,0,0,0,0,0,0,0,0,0,0,0,0,0,0,0,0,0,0,0,0,0,0,0,0,0,0,0,0,0,0,0
434,No retirar los distintivos de la empresa de la cual se desvincula.,0,0,0,0,0,0,0,0,0,0,0,0,0,0,0,0,0,0,0,0,0,0,0,0,0,0,0,0,0,0,0,0,0,0,0,0,0,0,0,0,0,0,0,0,0,0,0,0,0,0,0,0,0,0,0,0,0,0,0,0,0,0,0,0,0
435,Prestar el servicio en un radio de acción diferente al autorizado.,0,0,0,0,0,0,0,0,0,0,0,0,0,0,0,0,0,0,0,0,0,0,0,0,0,0,0,0,0,0,0,0,0,0,0,0,0,0,0,0,0,0,0,0,0,0,0,0,0,0,0,0,0,0,0,0,0,0,0,0,0,0,0,0,0
436,No portar la Planilla de Despacho en las rutas autorizadas.,0,0,0,0,0,0,0,0,0,0,0,0,0,0,0,0,0,0,0,0,0,0,0,0,0,0,0,0,0,0,0,0,0,0,0,0,0,0,0,0,0,0,0,0,0,0,0,0,0,0,0,0,0,0,0,0,0,0,0,0,0,0,0,0,0
437,No portar los documentos que soportan la operación de los equipos.,0,0,0,0,0,0,0,0,0,0,0,0,0,0,0,0,0,0,0,0,0,0,0,0,0,0,0,0,0,0,0,0,0,0,0,0,0,0,0,0,0,0,0,0,0,0,0,0,0,0,0,0,0,0,0,0,0,0,0,0,0,0,0,0,0
440,No suministar la información que le haya sido solicitada y que no repose en los archivos de la entidad solicitante.,0,0,0,0,0,0,0,0,0,0,0,0,0,0,0,0,0,0,0,0,0,0,0,0,0,0,0,0,0,0,0,0,0,0,0,0,0,0,0,0,0,0,0,0,0,0,0,0,0,0,0,0,0,0,0,0,0,0,0,0,0,0,0,0,0
441,"Permitir la operación de los vehículos vinculados, sin portar los distintivos de la misma o los señalados por las disposiciones legales vigentes según la modalidad de servicio.",0,0,0,0,0,0,0,0,0,0,0,0,0,0,0,0,0,0,0,0,0,0,0,0,0,0,0,0,0,0,0,0,0,0,0,0,0,0,0,0,0,0,0,0,0,0,0,0,0,0,0,0,0,0,0,0,0,0,0,0,0,0,0,0,0
442,Permitir la prestación del servicio en vehículos sin Tarjeta de Operación o con ésta vencida.,0,0,0,0,0,0,0,0,0,0,0,0,0,0,0,0,0,0,0,0,0,0,0,0,0,0,0,0,0,0,0,0,0,0,0,0,0,0,0,0,0,0,0,0,0,0,0,0,0,0,0,0,0,0,0,0,0,0,0,0,0,0,0,0,0
443,No expedir a los propietario de los vehículos vinculados un extracto en el cual se discriminen los rubros y montos cobrados y pagados por cada concepto derivados del Contrato de Vinculación.,0,0,0,0,0,0,0,0,0,0,0,0,0,0,0,0,0,0,0,0,0,0,0,0,0,0,0,0,0,0,0,0,0,0,0,0,0,0,0,0,0,0,0,0,0,0,0,0,0,0,0,0,0,0,0,0,0,0,0,0,0,0,0,0,0
444,No suministrar la Planilla de Viaje Ocasional o cobrar suma adicional a la establecida por el Ministerio de transporte a la autoridad en quen este delegue.,0,0,0,0,0,0,0,0,0,0,0,0,0,0,0,0,0,0,0,0,0,0,0,0,0,0,0,0,0,0,0,0,0,0,0,0,0,0,0,0,0,0,0,0,0,0,0,0,0,0,0,0,0,0,0,0,0,0,0,0,0,0,0,0,0
445,No reportar oportunamente a la autoridad competente la información de los conductores que se encuentren registrados ante la empresa.,0,0,0,0,0,0,0,0,0,0,0,0,0,0,0,0,0,0,0,0,0,0,0,0,0,0,0,0,0,0,0,0,0,0,0,0,0,0,0,0,0,0,0,0,0,0,0,0,0,0,0,0,0,0,0,0,0,0,0,0,0,0,0,0,0
446,"No presentar, dentro de los primeros cuatro meses del año, el modelo de contrato que utilizará para la vinculación de los vehículos, el cual debe sujetarse a los parámetros establecidos por el Gobierno Nacional para esa modalidad de servicio.",0,0,0,0,0,0,0,0,0,0,0,0,0,0,0,0,0,0,0,0,0,0,0,0,0,0,0,0,0,0,0,0,0,0,0,0,0,0,0,0,0,0,0,0,0,0,0,0,0,0,0,0,0,0,0,0,0,0,0,0,0,0,0,0,0
447,"No gestionar, obtener y suministrar oportunamente los documentos que sustentan la operación de los equipos, cuando el propietario, poseedor o tenedor del equipo haya entregado dentro de los términos legales a la empresa la documentación requerida para dicho trámite.",0,0,0,0,0,0,0,0,0,0,0,0,0,0,0,0,0,0,0,0,0,0,0,0,0,0,0,0,0,0,0,0,0,0,0,0,0,0,0,0,0,0,0,0,0,0,0,0,0,0,0,0,0,0,0,0,0,0,0,0,0,0,0,0,0
448,Exigir u obligar a los propietarios de los vehículos vinculados a comprar acciones de la empresa.,0,0,0,0,0,0,0,0,0,0,0,0,0,0,0,0,0,0,0,0,0,0,0,0,0,0,0,0,0,0,0,0,0,0,0,0,0,0,0,0,0,0,0,0,0,0,0,0,0,0,0,0,0,0,0,0,0,0,0,0,0,0,0,0,0
449,Cobrar a los propietario de los vehículos mayor valor por concepto de pago de la prima de los seguros de responsabilidad civil contractual y extracontractual al realmente facturado por la compañía de seguros.,0,0,0,0,0,0,0,0,0,0,0,0,0,0,0,0,0,0,0,0,0,0,0,0,0,0,0,0,0,0,0,0,0,0,0,0,0,0,0,0,0,0,0,0,0,0,0,0,0,0,0,0,0,0,0,0,0,0,0,0,0,0,0,0,0
450,Exigir sumas de dinero por desvinculación o por la expedición de paz y salvo.,0,0,0,0,0,0,0,0,0,0,0,0,0,0,0,0,0,0,0,0,0,0,0,0,0,0,0,0,0,0,0,0,0,0,0,0,0,0,0,0,0,0,0,0,0,0,0,0,0,0,0,0,0,0,0,0,0,0,0,0,0,0,0,0,0
451,Permitir la prestación del servicio en vehículos sin las necesarias condiciones de seguridad.,0,0,0,0,0,0,0,0,0,0,0,0,0,0,0,0,0,0,0,0,0,0,0,0,0,0,0,0,0,0,0,0,0,0,0,0,0,0,0,0,0,0,0,0,0,0,0,0,0,0,0,0,0,0,0,0,0,0,0,0,0,0,0,0,0
452,Retener por obligaciones contractuales o sin justa causa legal los documentos que sustentan la operación de los equipos.,0,0,0,0,0,0,0,0,0,0,0,0,0,0,0,0,0,0,0,0,0,0,0,0,0,0,0,0,0,0,0,0,0,0,0,0,0,0,0,0,0,0,0,0,0,0,0,0,0,0,0,0,0,0,0,0,0,0,0,0,0,0,0,0,0
453,Exigir documentos adicionales a los establecidos en la Ley para el trámite de los documentos que soportan la opración.,0,0,0,0,0,0,0,0,0,0,0,0,0,0,0,0,0,0,0,0,0,0,0,0,0,0,0,0,0,0,0,0,0,0,0,0,0,0,0,0,0,0,0,0,0,0,0,0,0,0,0,0,0,0,0,0,0,0,0,0,0,0,0,0,0
454,Negarse sin justa causa legal a expdir paz y salvo.,0,0,0,0,0,0,0,0,0,0,0,0,0,0,0,0,0,0,0,0,0,0,0,0,0,0,0,0,0,0,0,0,0,0,0,0,0,0,0,0,0,0,0,0,0,0,0,0,0,0,0,0,0,0,0,0,0,0,0,0,0,0,0,0,0
455,"Vincular a la empresa o permitir la prestación del servicio en vehículos no homologados para ésta modalidad de servicio, por el Ministerio de Transporte o por quien haga sus veces.",0,0,0,0,0,0,0,0,0,0,0,0,0,0,0,0,0,0,0,0,0,0,0,0,0,0,0,0,0,0,0,0,0,0,0,0,0,0,0,0,0,0,0,0,0,0,0,0,0,0,0,0,0,0,0,0,0,0,0,0,0,0,0,0,0
456,"No mantener vigentes las pólizas de responsabilidad civil contractual y extracontractual exigidas, que las ampare, incluyendo a todos los vehículos vinculado, de los riesgos inherentes a la actividad transportadora.",0,0,0,0,0,0,0,0,0,0,0,0,0,0,0,0,0,0,0,0,0,0,0,0,0,0,0,0,0,0,0,0,0,0,0,0,0,0,0,0,0,0,0,0,0,0,0,0,0,0,0,0,0,0,0,0,0,0,0,0,0,0,0,0,0
457,Permitir la operación de los equipos por personas no idóneas.,0,0,0,0,0,0,0,0,0,0,0,0,0,0,0,0,0,0,0,0,0,0,0,0,0,0,0,0,0,0,0,0,0,0,0,0,0,0,0,0,0,0,0,0,0,0,0,0,0,0,0,0,0,0,0,0,0,0,0,0,0,0,0,0,0
458,No suscribir los contratos de vinculación de los equipos conforme a los parámetros establecidos en reglamentación expedida por el Gobierno Nacional para esta modalidad de servicio.,0,0,0,0,0,0,0,0,0,0,0,0,0,0,0,0,0,0,0,0,0,0,0,0,0,0,0,0,0,0,0,0,0,0,0,0,0,0,0,0,0,0,0,0,0,0,0,0,0,0,0,0,0,0,0,0,0,0,0,0,0,0,0,0,0
459,Negarse sin justa causa legal a expedir oportunamente la Tarjeta de Control.,0,0,0,0,0,0,0,0,0,0,0,0,0,0,0,0,0,0,0,0,0,0,0,0,0,0,0,0,0,0,0,0,0,0,0,0,0,0,0,0,0,0,0,0,0,0,0,0,0,0,0,0,0,0,0,0,0,0,0,0,0,0,0,0,0
460,Cobrar valor alguno por la expedición de la Tarjeta de Control.,0,0,0,0,0,0,0,0,0,0,0,0,0,0,0,0,0,0,0,0,0,0,0,0,0,0,0,0,0,0,0,0,0,0,0,0,0,0,0,0,0,0,0,0,0,0,0,0,0,0,0,0,0,0,0,0,0,0,0,0,0,0,0,0,0
463,Negarse a prestar el servicio sin causa justificada.,0,0,0,0,0,0,0,0,0,0,0,0,0,0,0,0,0,0,0,0,0,0,0,0,0,0,0,0,0,0,0,0,0,0,0,0,0,0,0,0,0,0,0,0,0,0,0,0,0,0,0,0,0,0,0,0,0,0,0,0,0,0,0,0,0
464,No retirar los distintivos de la empresa de la cual se desvincula.,0,0,0,0,0,0,0,0,0,0,0,0,0,0,0,0,0,0,0,0,0,0,0,0,0,0,0,0,0,0,0,0,0,0,0,0,0,0,0,0,0,0,0,0,0,0,0,0,0,0,0,0,0,0,0,0,0,0,0,0,0,0,0,0,0
465,"Prestar el servicio de transporte en un radio de acción diferente al autorizado, sin portar la Planilla de Viaje Ocasional.",0,0,0,0,0,0,0,0,0,0,0,0,0,0,0,0,0,0,0,0,0,0,0,0,0,0,0,0,0,0,0,0,0,0,0,0,0,0,0,0,0,0,0,0,0,0,0,0,0,0,0,0,0,0,0,0,0,0,0,0,0,0,0,0,0
466,No portar la Tarjeta de Control.,0,0,0,0,0,0,0,0,0,0,0,0,0,0,0,0,0,0,0,0,0,0,0,0,0,0,0,0,0,0,0,0,0,0,0,0,0,0,0,0,0,0,0,0,0,0,0,0,0,0,0,0,0,0,0,0,0,0,0,0,0,0,0,0,0
467,No portar los documentos de transporte que sustentan la operación de los equipos.,0,0,0,0,0,0,0,0,0,0,0,0,0,0,0,0,0,0,0,0,0,0,0,0,0,0,0,0,0,0,0,0,0,0,0,0,0,0,0,0,0,0,0,0,0,0,0,0,0,0,0,0,0,0,0,0,0,0,0,0,0,0,0,0,0
470,No sumnistrar la información que haya sido solicitada y que no repose en los archivos de la entidad solicitante.,0,0,0,0,0,0,0,0,0,0,0,0,0,0,0,0,0,0,0,0,0,0,0,0,0,0,0,0,0,0,0,0,0,0,0,0,0,0,0,0,0,0,0,0,0,0,0,0,0,0,0,0,0,0,0,0,0,0,0,0,0,0,0,0,0
471,"Permitir la operación de los vehículos vinculados, sin portar los distintivos de la misma o los señalados por las disposiciones legales vigentes según la modalidad de servicio.",0,0,0,0,0,0,0,0,0,0,0,0,0,0,0,0,0,0,0,0,0,0,0,0,0,0,0,0,0,0,0,0,0,0,0,0,0,0,0,0,0,0,0,0,0,0,0,0,0,0,0,0,0,0,0,0,0,0,0,0,0,0,0,0,0
472,Permitir la prestación del servicio en vehículos sin Tarjeta de Operación o con ésta vencida.,0,0,0,0,0,0,0,0,0,0,0,0,0,0,0,0,0,0,0,0,0,0,0,0,0,0,0,0,0,0,0,0,0,0,0,0,0,0,0,0,0,0,0,0,0,0,0,0,0,0,0,0,0,0,0,0,0,0,0,0,0,0,0,0,0
473,No expedir a los propietarios de los vehículos vinculados un extracto en el cual se discriminen los rubros y montos cobrados y pagados por cada concepto derivados del Contrado de Vinculación.,0,0,0,0,0,0,0,0,0,0,0,0,0,0,0,0,0,0,0,0,0,0,0,0,0,0,0,0,0,0,0,0,0,0,0,0,0,0,0,0,0,0,0,0,0,0,0,0,0,0,0,0,0,0,0,0,0,0,0,0,0,0,0,0,0
474,No suministrar la Planilla de Viaje Ocasional o cobrar suma  adicional a la establecida por el Ministerio de transporte a la autoridad en quien este delegue.,0,0,0,0,0,0,0,0,0,0,0,0,0,0,0,0,0,0,0,0,0,0,0,0,0,0,0,0,0,0,0,0,0,0,0,0,0,0,0,0,0,0,0,0,0,0,0,0,0,0,0,0,0,0,0,0,0,0,0,0,0,0,0,0,0
475,"No gestionar, obtener y suministrar oportunamente los documentos que sustentan la operación de los equipos, cuando el propietario, poseedor o tenedor del equipo haya entregado dentro de los términos legales a la empresa la documentación requerida para dicho trámite.",0,0,0,0,0,0,0,0,0,0,0,0,0,0,0,0,0,0,0,0,0,0,0,0,0,0,0,0,0,0,0,0,0,0,0,0,0,0,0,0,0,0,0,0,0,0,0,0,0,0,0,0,0,0,0,0,0,0,0,0,0,0,0,0,0
476,Exigir u obligar a los propietarios de los vehículos vinculados a comprar acciones de la empresa.,0,0,0,0,0,0,0,0,0,0,0,0,0,0,0,0,0,0,0,0,0,0,0,0,0,0,0,0,0,0,0,0,0,0,0,0,0,0,0,0,0,0,0,0,0,0,0,0,0,0,0,0,0,0,0,0,0,0,0,0,0,0,0,0,0
477,Cobrar a los propietarios de los vehículos mayor valor por concepto de pago de la prima de los seguros de responsabilidad civil contractual y extracontractual al realmente facturado por la compañia de seguros.,0,0,0,0,0,0,0,0,0,0,0,0,0,0,0,0,0,0,0,0,0,0,0,0,0,0,0,0,0,0,0,0,0,0,0,0,0,0,0,0,0,0,0,0,0,0,0,0,0,0,0,0,0,0,0,0,0,0,0,0,0,0,0,0,0
478,Exigir las sumas de dinero por desvinculación o por la expedición de paz y salvo.,0,0,0,0,0,0,0,0,0,0,0,0,0,0,0,0,0,0,0,0,0,0,0,0,0,0,0,0,0,0,0,0,0,0,0,0,0,0,0,0,0,0,0,0,0,0,0,0,0,0,0,0,0,0,0,0,0,0,0,0,0,0,0,0,0
479,Modificar el nivel de servicio autorizada.,0,0,0,0,0,0,0,0,0,0,0,0,0,0,0,0,0,0,0,0,0,0,0,0,0,0,0,0,0,0,0,0,0,0,0,0,0,0,0,0,0,0,0,0,0,0,0,0,0,0,0,0,0,0,0,0,0,0,0,0,0,0,0,0,0
480,Permitir la prestación del servicio en vehículos sin las necesarias condiciones de seguridad.,0,0,0,0,0,0,0,0,0,0,0,0,0,0,0,0,0,0,0,0,0,0,0,0,0,0,0,0,0,0,0,0,0,0,0,0,0,0,0,0,0,0,0,0,0,0,0,0,0,0,0,0,0,0,0,0,0,0,0,0,0,0,0,0,0
481,Retener por obligaciones contractuales o sin justa causa legal los documentos que sustentan la operación de los equipos.,0,0,0,0,0,0,0,0,0,0,0,0,0,0,0,0,0,0,0,0,0,0,0,0,0,0,0,0,0,0,0,0,0,0,0,0,0,0,0,0,0,0,0,0,0,0,0,0,0,0,0,0,0,0,0,0,0,0,0,0,0,0,0,0,0
482,Exigir documentos adicionales a los establecidos en la ley para el trámite de los documentos que soportan la operación.,0,0,0,0,0,0,0,0,0,0,0,0,0,0,0,0,0,0,0,0,0,0,0,0,0,0,0,0,0,0,0,0,0,0,0,0,0,0,0,0,0,0,0,0,0,0,0,0,0,0,0,0,0,0,0,0,0,0,0,0,0,0,0,0,0
483,Negarse sin justa causa legal a expedir paz y salvo.,0,0,0,0,0,0,0,0,0,0,0,0,0,0,0,0,0,0,0,0,0,0,0,0,0,0,0,0,0,0,0,0,0,0,0,0,0,0,0,0,0,0,0,0,0,0,0,0,0,0,0,0,0,0,0,0,0,0,0,0,0,0,0,0,0
484,"Vincular a la empresa o permitir la prestación del servicio en vehículos no homologados para ésta modalidad de servicio, por el Ministerio de Transporte o por quien haga sus veces.",0,0,0,0,0,0,0,0,0,0,0,0,0,0,0,0,0,0,0,0,0,0,0,0,0,0,0,0,0,0,0,0,0,0,0,0,0,0,0,0,0,0,0,0,0,0,0,0,0,0,0,0,0,0,0,0,0,0,0,0,0,0,0,0,0
485,"No mantener vigentes las pólizas de esponsabilidad civil contractual y estracontractual exigidas, que las ampare, incluyendo a todos los vehículos vinculados, de los riesgos inherentes a la actividad transportadora.",0,0,0,0,0,0,0,0,0,0,0,0,0,0,0,0,0,0,0,0,0,0,0,0,0,0,0,0,0,0,0,0,0,0,0,0,0,0,0,0,0,0,0,0,0,0,0,0,0,0,0,0,0,0,0,0,0,0,0,0,0,0,0,0,0
486,Permitir la operación de los vehículos por personas no idóneas.,0,0,0,0,0,0,0,0,0,0,0,0,0,0,0,0,0,0,0,0,0,0,0,0,0,0,0,0,0,0,0,0,0,0,0,0,0,0,0,0,0,0,0,0,0,0,0,0,0,0,0,0,0,0,0,0,0,0,0,0,0,0,0,0,0
487,Carecer de un programa y sistema de mantenimiento preventivo para los vehículos.,0,0,0,0,0,0,0,0,0,0,0,0,0,0,0,0,0,0,0,0,0,0,0,0,0,0,0,0,0,0,0,0,0,0,0,0,0,0,0,0,0,0,0,0,0,0,0,0,0,0,0,0,0,0,0,0,0,0,0,0,0,0,0,0,0
488,Permitir la prestación del servicio en vehículos conducidos por personas en estado de embriaguez o bajo efectos de sustacias alucinógenas.,0,0,0,0,0,0,0,0,0,0,0,0,0,0,0,0,0,0,0,0,0,0,0,0,0,0,0,0,0,0,0,0,0,0,0,0,0,0,0,0,0,0,0,0,0,0,0,0,0,0,0,0,0,0,0,0,0,0,0,0,0,0,0,0,0
489,No implementar el plan de rodamiento del parque automotor de la empresa o no reportarlo semestralmente o cuando sea modificado antes de este plazo.,0,0,0,0,0,0,0,0,0,0,0,0,0,0,0,0,0,0,0,0,0,0,0,0,0,0,0,0,0,0,0,0,0,0,0,0,0,0,0,0,0,0,0,0,0,0,0,0,0,0,0,0,0,0,0,0,0,0,0,0,0,0,0,0,0
490,"Permitir la prestación del servicio excediendo la capacidad transportadora autorizada, en número de pasajeros, de conformidad en lo establecido en la Ficha de Homologación.",0,0,0,0,0,0,0,0,0,0,0,0,0,0,0,0,0,0,0,0,0,0,0,0,0,0,0,0,0,0,0,0,0,0,0,0,0,0,0,0,0,0,0,0,0,0,0,0,0,0,0,0,0,0,0,0,0,0,0,0,0,0,0,0,0
491,Exceder la capacidad transportadora autorizada a la empresa.,0,0,0,0,0,0,0,0,0,0,0,0,0,0,0,0,0,0,0,0,0,0,0,0,0,0,0,0,0,0,0,0,0,0,0,0,0,0,0,0,0,0,0,0,0,0,0,0,0,0,0,0,0,0,0,0,0,0,0,0,0,0,0,0,0
492,No mantener en operación los mínimos de capacidad transportadora autorizada.,0,0,0,0,0,0,0,0,0,0,0,0,0,0,0,0,0,0,0,0,0,0,0,0,0,0,0,0,0,0,0,0,0,0,0,0,0,0,0,0,0,0,0,0,0,0,0,0,0,0,0,0,0,0,0,0,0,0,0,0,0,0,0,0,0
493,Alterar la tarifa.,0,0,0,0,0,0,0,0,0,0,0,0,0,0,0,0,0,0,0,0,0,0,0,0,0,0,0,0,0,0,0,0,0,0,0,0,0,0,0,0,0,0,0,0,0,0,0,0,0,0,0,0,0,0,0,0,0,0,0,0,0,0,0,0,0
494,Despachar los servicios de transporte en rutas o recorridos no autorizados.,0,0,0,0,0,0,0,0,0,0,0,0,0,0,0,0,0,0,0,0,0,0,0,0,0,0,0,0,0,0,0,0,0,0,0,0,0,0,0,0,0,0,0,0,0,0,0,0,0,0,0,0,0,0,0,0,0,0,0,0,0,0,0,0,0
495,Permtir la prestación del servicioen rutas y horarios sin planilla.,0,0,0,0,0,0,0,0,0,0,0,0,0,0,0,0,0,0,0,0,0,0,0,0,0,0,0,0,0,0,0,0,0,0,0,0,0,0,0,0,0,0,0,0,0,0,0,0,0,0,0,0,0,0,0,0,0,0,0,0,0,0,0,0,0
496,"No tener Fondo de Reposición, ni reportar ante la autoridad competente los valores consignados.",0,0,0,0,0,0,0,0,0,0,0,0,0,0,0,0,0,0,0,0,0,0,0,0,0,0,0,0,0,0,0,0,0,0,0,0,0,0,0,0,0,0,0,0,0,0,0,0,0,0,0,0,0,0,0,0,0,0,0,0,0,0,0,0,0
497,No suscribir los contratos de vinculación de los equipos conforme a los parámetros establecidos en la reglamentación expedida por el Gobierno Nacional para esta modalidad de servicio.,0,0,0,0,0,0,0,0,0,0,0,0,0,0,0,0,0,0,0,0,0,0,0,0,0,0,0,0,0,0,0,0,0,0,0,0,0,0,0,0,0,0,0,0,0,0,0,0,0,0,0,0,0,0,0,0,0,0,0,0,0,0,0,0,0
501,Negarse a prestar el servicio sin causa justificada.,0,0,0,0,0,0,0,0,0,0,0,0,0,0,0,0,0,0,0,0,0,0,0,0,0,0,0,0,0,0,0,0,0,0,0,0,0,0,0,0,0,0,0,0,0,0,0,0,0,0,0,0,0,0,0,0,0,0,0,0,0,0,0,0,0
502,No retirar los distintivos de la empresa de la cual se desvincula.,0,0,0,0,0,0,0,0,0,0,0,0,0,0,0,0,0,0,0,0,0,0,0,0,0,0,0,0,0,0,0,0,0,0,0,0,0,0,0,0,0,0,0,0,0,0,0,0,0,0,0,0,0,0,0,0,0,0,0,0,0,0,0,0,0
503,Prestar el servicio en un radio de acción diferente al autorizado.,0,0,0,0,0,0,0,0,0,0,0,0,0,0,0,0,0,0,0,0,0,0,0,0,0,0,0,0,0,0,0,0,0,0,0,0,0,0,0,0,0,0,0,0,0,0,0,0,0,0,0,0,0,0,0,0,0,0,0,0,0,0,0,0,0
504,No portar la Planilla de Despacho en las rutas autorizadas.,0,0,0,0,0,0,0,0,0,0,0,0,0,0,0,0,0,0,0,0,0,0,0,0,0,0,0,0,0,0,0,0,0,0,0,0,0,0,0,0,0,0,0,0,0,0,0,0,0,0,0,0,0,0,0,0,0,0,0,0,0,0,0,0,0
505,No portar la planilla de viaje ocasional cuando se presta el servicio en rutas no autorizadas a la empresa.,0,0,0,0,0,0,0,0,0,0,0,0,0,0,0,0,0,0,0,0,0,0,0,0,0,0,0,0,0,0,0,0,0,0,0,0,0,0,0,0,0,0,0,0,0,0,0,0,0,0,0,0,0,0,0,0,0,0,0,0,0,0,0,0,0
508,No sumnistrar la información que le haya sido solicitada y que no repose en los archivos de la entidad solicitante.,0,0,0,0,0,0,0,0,0,0,0,0,0,0,0,0,0,0,0,0,0,0,0,0,0,0,0,0,0,0,0,0,0,0,0,0,0,0,0,0,0,0,0,0,0,0,0,0,0,0,0,0,0,0,0,0,0,0,0,0,0,0,0,0,0
509,"Permitir la operación de los vehículos vinculados, sin portar los distintivos de la misma o los señalados por las disposiciones legales vigentes según la modalidad de servicio.",0,0,0,0,0,0,0,0,0,0,0,0,0,0,0,0,0,0,0,0,0,0,0,0,0,0,0,0,0,0,0,0,0,0,0,0,0,0,0,0,0,0,0,0,0,0,0,0,0,0,0,0,0,0,0,0,0,0,0,0,0,0,0,0,0
510,Permitir la prestación del servicio en vehículos sin Tarjeta de Operación o con ésta vencida.,0,0,0,0,0,0,0,0,0,0,0,0,0,0,0,0,0,0,0,0,0,0,0,0,0,0,0,0,0,0,0,0,0,0,0,0,0,0,0,0,0,0,0,0,0,0,0,0,0,0,0,0,0,0,0,0,0,0,0,0,0,0,0,0,0
511,No expedir a los propietarios de los vehículos vinculados un extracto en el cual se discriminen los rubros y montos cobrados y pagados por cada concepto derivados del Contrato de Vinculaciòn.,0,0,0,0,0,0,0,0,0,0,0,0,0,0,0,0,0,0,0,0,0,0,0,0,0,0,0,0,0,0,0,0,0,0,0,0,0,0,0,0,0,0,0,0,0,0,0,0,0,0,0,0,0,0,0,0,0,0,0,0,0,0,0,0,0
512,"No contar con el sistema de cumnicaciones bidireccional exigido para la operación del servicio, o no tenerlo en perfecto estado de funcionamiento.",0,0,0,0,0,0,0,0,0,0,0,0,0,0,0,0,0,0,0,0,0,0,0,0,0,0,0,0,0,0,0,0,0,0,0,0,0,0,0,0,0,0,0,0,0,0,0,0,0,0,0,0,0,0,0,0,0,0,0,0,0,0,0,0,0
513,"Prestar el servicio de transporte escolar, sin acompañante.",0,0,0,0,0,0,0,0,0,0,0,0,0,0,0,0,0,0,0,0,0,0,0,0,0,0,0,0,0,0,0,0,0,0,0,0,0,0,0,0,0,0,0,0,0,0,0,0,0,0,0,0,0,0,0,0,0,0,0,0,0,0,0,0,0
514,"No gestionar, obtener y sumnistrar oportunamente los documentos que sustentan la operación de los equipos, cuando el propietario, poseedor o tenedor del equipo haya entregado dentro de los términos legales a la empresa la documentación requerida para dicho trámite.",0,0,0,0,0,0,0,0,0,0,0,0,0,0,0,0,0,0,0,0,0,0,0,0,0,0,0,0,0,0,0,0,0,0,0,0,0,0,0,0,0,0,0,0,0,0,0,0,0,0,0,0,0,0,0,0,0,0,0,0,0,0,0,0,0
515,Exigir u obligar a los propietarios de los vehículos vinculados a comprar acciones de la empresa.,0,0,0,0,0,0,0,0,0,0,0,0,0,0,0,0,0,0,0,0,0,0,0,0,0,0,0,0,0,0,0,0,0,0,0,0,0,0,0,0,0,0,0,0,0,0,0,0,0,0,0,0,0,0,0,0,0,0,0,0,0,0,0,0,0
516,Cobrar a los propietarios de los vehículos mayor valor por concepto de pago de la prima de los seguros de responsabilidad civil contractual y extracontractual al realmente facturado por la compañia de seguros.,0,0,0,0,0,0,0,0,0,0,0,0,0,0,0,0,0,0,0,0,0,0,0,0,0,0,0,0,0,0,0,0,0,0,0,0,0,0,0,0,0,0,0,0,0,0,0,0,0,0,0,0,0,0,0,0,0,0,0,0,0,0,0,0,0
517,Exigir sumas de dinero por desvinculación o por expedición de paz y salvo.,0,0,0,0,0,0,0,0,0,0,0,0,0,0,0,0,0,0,0,0,0,0,0,0,0,0,0,0,0,0,0,0,0,0,0,0,0,0,0,0,0,0,0,0,0,0,0,0,0,0,0,0,0,0,0,0,0,0,0,0,0,0,0,0,0
518,Permitir la prestación del servicio sin llevar el Extracto del Contrato.,0,0,0,0,0,0,0,0,0,0,0,0,0,0,0,0,0,0,0,0,0,0,0,0,0,0,0,0,0,0,0,0,0,0,0,0,0,0,0,0,0,0,0,0,0,0,0,0,0,0,0,0,0,0,0,0,0,0,0,0,0,0,0,0,0
519,Permitir la prestación del servicio sin llevar el Extracto del Contrato debida y totalmente diligenciado por la empresa o con tachaduras o enmendaduras.,0,0,0,0,0,0,0,0,0,0,0,0,0,0,0,0,0,0,0,0,0,0,0,0,0,0,0,0,0,0,0,0,0,0,0,0,0,0,0,0,0,0,0,0,0,0,0,0,0,0,0,0,0,0,0,0,0,0,0,0,0,0,0,0,0
520,Permitir la prestación del servicio en vehículos sin las necesarias condiciones de seguridad.,0,0,0,0,0,0,0,0,0,0,0,0,0,0,0,0,0,0,0,0,0,0,0,0,0,0,0,0,0,0,0,0,0,0,0,0,0,0,0,0,0,0,0,0,0,0,0,0,0,0,0,0,0,0,0,0,0,0,0,0,0,0,0,0,0
521,Retener por obligaciones contractuales o sin justa causa legal los documentos que sustentan la operación de los equipos.,0,0,0,0,0,0,0,0,0,0,0,0,0,0,0,0,0,0,0,0,0,0,0,0,0,0,0,0,0,0,0,0,0,0,0,0,0,0,0,0,0,0,0,0,0,0,0,0,0,0,0,0,0,0,0,0,0,0,0,0,0,0,0,0,0
522,"Exigir documentos adicionales a los establecidos en la Ley, para el trámite de los documentos que soportan la operación.",0,0,0,0,0,0,0,0,0,0,0,0,0,0,0,0,0,0,0,0,0,0,0,0,0,0,0,0,0,0,0,0,0,0,0,0,0,0,0,0,0,0,0,0,0,0,0,0,0,0,0,0,0,0,0,0,0,0,0,0,0,0,0,0,0
523,"Negarse, sin justa causa legal a expedir paz y salvo.",0,0,0,0,0,0,0,0,0,0,0,0,0,0,0,0,0,0,0,0,0,0,0,0,0,0,0,0,0,0,0,0,0,0,0,0,0,0,0,0,0,0,0,0,0,0,0,0,0,0,0,0,0,0,0,0,0,0,0,0,0,0,0,0,0
524,"Vincular a la empresa o permitir la prestación del servicio en vehículos no homologados para ésta modalidad de servicio, por el Ministerio de Transporte o por quien haga sus veces.",0,0,0,0,0,0,0,0,0,0,0,0,0,0,0,0,0,0,0,0,0,0,0,0,0,0,0,0,0,0,0,0,0,0,0,0,0,0,0,0,0,0,0,0,0,0,0,0,0,0,0,0,0,0,0,0,0,0,0,0,0,0,0,0,0
525,"No mantener vigentes las pólizas de responsabilidad civil contractual y extracontractual exigidas, que las ampare, incluyendo a todos los vehículos vinculado, de los riesgos inherentes a la actividad transportadora.",0,0,0,0,0,0,0,0,0,0,0,0,0,0,0,0,0,0,0,0,0,0,0,0,0,0,0,0,0,0,0,0,0,0,0,0,0,0,0,0,0,0,0,0,0,0,0,0,0,0,0,0,0,0,0,0,0,0,0,0,0,0,0,0,0
526,Permitir la operación de los equipos por personas no idóneas.,0,0,0,0,0,0,0,0,0,0,0,0,0,0,0,0,0,0,0,0,0,0,0,0,0,0,0,0,0,0,0,0,0,0,0,0,0,0,0,0,0,0,0,0,0,0,0,0,0,0,0,0,0,0,0,0,0,0,0,0,0,0,0,0,0
527,Carecer de un programa y sistema de mantenimiento preventivo para los vehículos.,0,0,0,0,0,0,0,0,0,0,0,0,0,0,0,0,0,0,0,0,0,0,0,0,0,0,0,0,0,0,0,0,0,0,0,0,0,0,0,0,0,0,0,0,0,0,0,0,0,0,0,0,0,0,0,0,0,0,0,0,0,0,0,0,0
528,Permitir la prestación del servicio en vehículos conducidos por personas en estado de embriaguez o bajo efectos de sustancias alucinógenas.,0,0,0,0,0,0,0,0,0,0,0,0,0,0,0,0,0,0,0,0,0,0,0,0,0,0,0,0,0,0,0,0,0,0,0,0,0,0,0,0,0,0,0,0,0,0,0,0,0,0,0,0,0,0,0,0,0,0,0,0,0,0,0,0,0
529,No implementar el plan de rodamiento del parque automotor de la empresa y no reportarlo cada vez que presente modificaciones.,0,0,0,0,0,0,0,0,0,0,0,0,0,0,0,0,0,0,0,0,0,0,0,0,0,0,0,0,0,0,0,0,0,0,0,0,0,0,0,0,0,0,0,0,0,0,0,0,0,0,0,0,0,0,0,0,0,0,0,0,0,0,0,0,0
530,"Permitir la prestación del servicio, llevando pasajeros de pie o excediendo la capacidad autorizada en número de pasajeros, establecido en la fecha de homologación.",0,0,0,0,0,0,0,0,0,0,0,0,0,0,0,0,0,0,0,0,0,0,0,0,0,0,0,0,0,0,0,0,0,0,0,0,0,0,0,0,0,0,0,0,0,0,0,0,0,0,0,0,0,0,0,0,0,0,0,0,0,0,0,0,0
531,Prestar el servicio público de transporte en otra modalidad de servicio.,0,0,0,0,0,0,0,0,0,0,0,0,0,0,0,0,0,0,0,0,0,0,0,0,0,0,0,0,0,0,0,0,0,0,0,0,0,0,0,0,0,0,0,0,0,0,0,0,0,0,0,0,0,0,0,0,0,0,0,0,0,0,0,0,0
532,Expedir Extractos de Contrato sin la existencia real de los mismos.,0,0,0,0,0,0,0,0,0,0,0,0,0,0,0,0,0,0,0,0,0,0,0,0,0,0,0,0,0,0,0,0,0,0,0,0,0,0,0,0,0,0,0,0,0,0,0,0,0,0,0,0,0,0,0,0,0,0,0,0,0,0,0,0,0
533,No suscribir los contratos de vinculación de los equipos conforme a los parámetros establecidos en la reglamentación expedida por el Gobierno Nacional para esta modalidad de servicio.,0,0,0,0,0,0,0,0,0,0,0,0,0,0,0,0,0,0,0,0,0,0,0,0,0,0,0,0,0,0,0,0,0,0,0,0,0,0,0,0,0,0,0,0,0,0,0,0,0,0,0,0,0,0,0,0,0,0,0,0,0,0,0,0,0
537,No retirar los distintivos de la empresa de la cual se desvincula.,0,0,0,0,0,0,0,0,0,0,0,0,0,0,0,0,0,0,0,0,0,0,0,0,0,0,0,0,0,0,0,0,0,0,0,0,0,0,0,0,0,0,0,0,0,0,0,0,0,0,0,0,0,0,0,0,0,0,0,0,0,0,0,0,0
538,Prestar el servicio sin llevar el Extracto del Contrato.,0,0,0,0,0,0,0,0,0,0,0,0,0,0,0,0,0,0,0,0,0,0,0,0,0,0,0,0,0,0,0,0,0,0,0,0,0,0,0,0,0,0,0,0,0,0,0,0,0,0,0,0,0,0,0,0,0,0,0,0,0,0,0,0,0
539,"Prestar el servicio sin llevar el Extracto del Contrato debida y totalmente diligenciado por la empresa, o con tachaduras o enmendaduras.",0,0,0,0,0,0,0,0,0,0,0,0,0,0,0,0,0,0,0,0,0,0,0,0,0,0,0,0,0,0,0,0,0,0,0,0,0,0,0,0,0,0,0,0,0,0,0,0,0,0,0,0,0,0,0,0,0,0,0,0,0,0,0,0,0
542,Prestar el servicio de transporte escolar sin portar el permiso expedido por la autoridad municipal competente o con este vencido.,0,0,0,0,0,0,0,0,0,0,0,0,0,0,0,0,0,0,0,0,0,0,0,0,0,0,0,0,0,0,0,0,0,0,0,0,0,0,0,0,0,0,0,0,0,0,0,0,0,0,0,0,0,0,0,0,0,0,0,0,0,0,0,0,0
543,Prestar el servicio de transporte escolar cin portar los distintivos exigidos para la operación.,0,0,0,0,0,0,0,0,0,0,0,0,0,0,0,0,0,0,0,0,0,0,0,0,0,0,0,0,0,0,0,0,0,0,0,0,0,0,0,0,0,0,0,0,0,0,0,0,0,0,0,0,0,0,0,0,0,0,0,0,0,0,0,0,0
544,Prestar el servicio sin llevar el adulto acompañante.,0,0,0,0,0,0,0,0,0,0,0,0,0,0,0,0,0,0,0,0,0,0,0,0,0,0,0,0,0,0,0,0,0,0,0,0,0,0,0,0,0,0,0,0,0,0,0,0,0,0,0,0,0,0,0,0,0,0,0,0,0,0,0,0,0
545,Prestar el servicio sin contar con el sistema de comunicaciones en perfecto estado de funcionamiento.,0,0,0,0,0,0,0,0,0,0,0,0,0,0,0,0,0,0,0,0,0,0,0,0,0,0,0,0,0,0,0,0,0,0,0,0,0,0,0,0,0,0,0,0,0,0,0,0,0,0,0,0,0,0,0,0,0,0,0,0,0,0,0,0,0
546,No mantener vigentes los seguros de esponsabilidad civil contractual y extracontractual exigidos en las disposiciones vigentes.,0,0,0,0,0,0,0,0,0,0,0,0,0,0,0,0,0,0,0,0,0,0,0,0,0,0,0,0,0,0,0,0,0,0,0,0,0,0,0,0,0,0,0,0,0,0,0,0,0,0,0,0,0,0,0,0,0,0,0,0,0,0,0,0,0
547,No mantener el vehículo en óptimas de seguridad.,0,0,0,0,0,0,0,0,0,0,0,0,0,0,0,0,0,0,0,0,0,0,0,0,0,0,0,0,0,0,0,0,0,0,0,0,0,0,0,0,0,0,0,0,0,0,0,0,0,0,0,0,0,0,0,0,0,0,0,0,0,0,0,0,0
553,No suministar la información que legalmente le haya sido solicitada y que no repose en los archivos de la entidad solicitante.,0,0,0,0,0,0,0,0,0,0,0,0,0,0,0,0,0,0,0,0,0,0,0,0,0,0,0,0,0,0,0,0,0,0,0,0,0,0,0,0,0,0,0,0,0,0,0,0,0,0,0,0,0,0,0,0,0,0,0,0,0,0,0,0,0
554,Exigir u obligar a los propietarios de los vehículos vinculados a comprar acciones de la misma.,0,0,0,0,0,0,0,0,0,0,0,0,0,0,0,0,0,0,0,0,0,0,0,0,0,0,0,0,0,0,0,0,0,0,0,0,0,0,0,0,0,0,0,0,0,0,0,0,0,0,0,0,0,0,0,0,0,0,0,0,0,0,0,0,0
555,No expedir el Manifiesto Unico de Carga.,0,0,0,0,0,0,0,0,0,0,0,0,0,0,0,0,0,0,0,0,0,0,0,0,0,0,0,0,0,0,0,0,0,0,0,0,0,0,0,0,0,0,0,0,0,0,0,0,0,0,0,0,0,0,0,0,0,0,0,0,0,0,0,0,0
556,Permitir la prestación del servicio sin el correspondiente Manifiesto Unico de Carga.,0,0,0,0,0,0,0,0,0,0,0,0,0,0,0,0,0,0,0,0,0,0,0,0,0,0,0,0,0,0,0,0,0,0,0,0,0,0,0,0,0,0,0,0,0,0,0,0,0,0,0,0,0,0,0,0,0,0,0,0,0,0,0,0,0
557,No mantener vigentes las pólizas exigidas por la ley.,0,0,0,0,0,0,0,0,0,0,0,0,0,0,0,0,0,0,0,0,0,0,0,0,0,0,0,0,0,0,0,0,0,0,0,0,0,0,0,0,0,0,0,0,0,0,0,0,0,0,0,0,0,0,0,0,0,0,0,0,0,0,0,0,0
558,Permitir la prestación del servicio en vehículos no homologados por el Ministerio de Transporte o quien haga sus veces.,0,0,0,0,0,0,0,0,0,0,0,0,0,0,0,0,0,0,0,0,0,0,0,0,0,0,0,0,0,0,0,0,0,0,0,0,0,0,0,0,0,0,0,0,0,0,0,0,0,0,0,0,0,0,0,0,0,0,0,0,0,0,0,0,0
559,Trasladar valor del monto de la prima del seguro de que trata el artículo 994 del Código de Comercio y las normas reglamentarias al propietario del vehículo que efectúa la movilización de las mercancías.,0,0,0,0,0,0,0,0,0,0,0,0,0,0,0,0,0,0,0,0,0,0,0,0,0,0,0,0,0,0,0,0,0,0,0,0,0,0,0,0,0,0,0,0,0,0,0,0,0,0,0,0,0,0,0,0,0,0,0,0,0,0,0,0,0
560,"Permitir, facilitar, estimular, propiciar, autorizar, o exigir el transporte de mercancías con peso superior al autorizado, sin portar el permiso correspondiente.",0,0,0,0,0,0,0,0,0,0,0,0,0,0,0,0,0,0,0,0,0,0,0,0,0,0,0,0,0,0,0,0,0,0,0,0,0,0,0,0,0,0,0,0,0,0,0,0,0,0,0,0,0,0,0,0,0,0,0,0,0,0,0,0,0
561,"Permitir la operación de vehículos con mercancías que excedan las dimensiones permitidas, sin portar el permiso correspondiente.",0,0,0,0,0,0,0,0,0,0,0,0,0,0,0,0,0,0,0,0,0,0,0,0,0,0,0,0,0,0,0,0,0,0,0,0,0,0,0,0,0,0,0,0,0,0,0,0,0,0,0,0,0,0,0,0,0,0,0,0,0,0,0,0,0
562,No desarrollar programas de mantenimiento preventivo de los equipos propios.,0,0,0,0,0,0,0,0,0,0,0,0,0,0,0,0,0,0,0,0,0,0,0,0,0,0,0,0,0,0,0,0,0,0,0,0,0,0,0,0,0,0,0,0,0,0,0,0,0,0,0,0,0,0,0,0,0,0,0,0,0,0,0,0,0
563,"Negarse, sin justa causa legal a expdir paz y salvo.",0,0,0,0,0,0,0,0,0,0,0,0,0,0,0,0,0,0,0,0,0,0,0,0,0,0,0,0,0,0,0,0,0,0,0,0,0,0,0,0,0,0,0,0,0,0,0,0,0,0,0,0,0,0,0,0,0,0,0,0,0,0,0,0,0
564,Despachar carga en vehículos que no sean de servicio público.,0,0,0,0,0,0,0,0,0,0,0,0,0,0,0,0,0,0,0,0,0,0,0,0,0,0,0,0,0,0,0,0,0,0,0,0,0,0,0,0,0,0,0,0,0,0,0,0,0,0,0,0,0,0,0,0,0,0,0,0,0,0,0,0,0
565,Prestar el servicio público sin estar constituido como operador o empresa autorizada para este fin.,0,0,0,0,0,0,0,0,0,0,0,0,0,0,0,0,0,0,0,0,0,0,0,0,0,0,0,0,0,0,0,0,0,0,0,0,0,0,0,0,0,0,0,0,0,0,0,0,0,0,0,0,0,0,0,0,0,0,0,0,0,0,0,0,0
566,Retener por obligaciones contractuales los equipos o los documentos propios de la operación.,0,0,0,0,0,0,0,0,0,0,0,0,0,0,0,0,0,0,0,0,0,0,0,0,0,0,0,0,0,0,0,0,0,0,0,0,0,0,0,0,0,0,0,0,0,0,0,0,0,0,0,0,0,0,0,0,0,0,0,0,0,0,0,0,0
567,Carecer de un programa y sistema de mantenimiento preventivo para los vehículos propios.,0,0,0,0,0,0,0,0,0,0,0,0,0,0,0,0,0,0,0,0,0,0,0,0,0,0,0,0,0,0,0,0,0,0,0,0,0,0,0,0,0,0,0,0,0,0,0,0,0,0,0,0,0,0,0,0,0,0,0,0,0,0,0,0,0
568,"Exigir documentos adicionales a los establecidos en la Ley, para el trámite de los documentos que soportan la operación.",0,0,0,0,0,0,0,0,0,0,0,0,0,0,0,0,0,0,0,0,0,0,0,0,0,0,0,0,0,0,0,0,0,0,0,0,0,0,0,0,0,0,0,0,0,0,0,0,0,0,0,0,0,0,0,0,0,0,0,0,0,0,0,0,0
569,Permitir la prestación del servicio público de carga sin las necesarias condiciones de seguridad.,0,0,0,0,0,0,0,0,0,0,0,0,0,0,0,0,0,0,0,0,0,0,0,0,0,0,0,0,0,0,0,0,0,0,0,0,0,0,0,0,0,0,0,0,0,0,0,0,0,0,0,0,0,0,0,0,0,0,0,0,0,0,0,0,0
570,"No suscribir los contratos de vinculación de los equipos conforme a los parámetros establecidos en la reglamentación expedida por el Gobierno Nacional para esta modalidad de servicio, en el caso de que los equipos no sean vinculados transitoriamente.",0,0,0,0,0,0,0,0,0,0,0,0,0,0,0,0,0,0,0,0,0,0,0,0,0,0,0,0,0,0,0,0,0,0,0,0,0,0,0,0,0,0,0,0,0,0,0,0,0,0,0,0,0,0,0,0,0,0,0,0,0,0,0,0,0
571,"No mantener en el vehículo los distintivos, señales o elementos de seguridad que exigen los reglamentos para el transporte de cargas especiales, peligrosas o restringidas.",0,0,0,0,0,0,0,0,0,0,0,0,0,0,0,0,0,0,0,0,0,0,0,0,0,0,0,0,0,0,0,0,0,0,0,0,0,0,0,0,0,0,0,0,0,0,0,0,0,0,0,0,0,0,0,0,0,0,0,0,0,0,0,0,0
572,Prestar el servicio de transporte de carga sin portar el Manifiesto Unico de Carga.,0,0,0,0,0,0,0,0,0,0,0,0,0,0,0,0,0,0,0,0,0,0,0,0,0,0,0,0,0,0,0,0,0,0,0,0,0,0,0,0,0,0,0,0,0,0,0,0,0,0,0,0,0,0,0,0,0,0,0,0,0,0,0,0,0
573,Permitir o prestar el servicio en vehículos no homologados por el Ministerio de Transporte o quien haga sus veces.,0,0,0,0,0,0,0,0,0,0,0,0,0,0,0,0,0,0,0,0,0,0,0,0,0,0,0,0,0,0,0,0,0,0,0,0,0,0,0,0,0,0,0,0,0,0,0,0,0,0,0,0,0,0,0,0,0,0,0,0,0,0,0,0,0
574,Negarse a prestar el servicio público de transporte de carga sin justa causa.,0,0,0,0,0,0,0,0,0,0,0,0,0,0,0,0,0,0,0,0,0,0,0,0,0,0,0,0,0,0,0,0,0,0,0,0,0,0,0,0,0,0,0,0,0,0,0,0,0,0,0,0,0,0,0,0,0,0,0,0,0,0,0,0,0
575,"Contratar la prestación del Servicio Público de Transporte Terrestre Automotor de Carga, con empresas de transporte no habilitadas, o hacerlo directamente con el propietario de un vehículo de servicio público o particular, salvo lo establecido en el Decreto 2044 del 30 de septiembre de 1988.",0,0,0,0,0,0,0,0,0,0,0,0,0,0,0,0,0,0,0,0,0,0,0,0,0,0,0,0,0,0,0,0,0,0,0,0,0,0,0,0,0,0,0,0,0,0,0,0,0,0,0,0,0,0,0,0,0,0,0,0,0,0,0,0,0
576,"Pactar el servicio público de transporte terrestre automotor de carga por debajo de las condiciones económicas mínimas establecidas por la autoridad competente, cuando estas se encuentren reguladas.",0,0,0,0,0,0,0,0,0,0,0,0,0,0,0,0,0,0,0,0,0,0,0,0,0,0,0,0,0,0,0,0,0,0,0,0,0,0,0,0,0,0,0,0,0,0,0,0,0,0,0,0,0,0,0,0,0,0,0,0,0,0,0,0,0
594,"Dañar, retirar o modificar las señales u otros elementos reguladores o indicadores del tráfico en las ciudades.",0,0,0,0,0,0,0,0,0,0,0,0,0,0,0,0,0,0,0,0,0,0,0,0,0,0,0,0,0,0,0,0,0,0,0,0,0,0,0,0,0,0,0,0,0,0,0,0,0,0,0,0,0,0,0,0,0,0,0,0,0,0,0,0,0
B03,"Conducir un vehículo sin placas, no portarlas en el extremo delantero o trasero, portarlas con obstáculos o en condiciones que dificulten su plena identificación, portar en el lugar destinado  a las placas, distintivos similares a estas o que la imiten, o que correspondan a placas de otros países.",0,2,1,1,1,1,1,0,0,1,0,2,10,2,3,3,1,0,1,0,2,0,0,0,0,12,1,0,0,1,0,1,0,1,2,2,2,0,10,1,0,0,0,0,1,0,0,0,1,0,0,3,0,1,0,1,0,0,0,2,4,0,0,0,8
C23,"Impartir en vías públicas al público enseñanza práctica para conducir, sin estar autorizado para ello",0,0,0,0,0,0,0,1,0,0,1,0,2,0,0,0,0,0,0,0,0,0,0,0,0,0,1,0,0,0,0,0,0,0,0,0,0,0,1,0,0,0,0,0,0,0,0,0,0,0,0,0,0,0,0,0,0,0,0,0,0,0,0,0,0
C28,"Hacer uso de sirenas, luces intermitentes, o de alta intensidad y aparatos similares los cuales están reservados a los vehículos de bomberos, ambulancias, recolectores de basura, socorro, emergencia, fuerzas  militares, policía y autoridades de tránsito y transporte.",0,0,0,0,0,0,0,0,0,0,0,0,0,0,0,0,0,0,0,0,0,0,0,0,0,0,1,0,0,0,0,1,0,0,0,0,0,1,3,0,0,0,0,0,0,0,0,0,0,0,0,0,0,0,0,0,0,0,0,0,0,0,0,0,0
C37,"Transportar pasajeros en el platón de una camioneta picó o en la plataforma de un vehículo de carga, trátese de furgón o plataforma de estacas",3,0,0,4,0,0,0,0,0,1,0,0,8,0,0,0,0,0,0,0,0,0,0,0,0,0,1,0,0,1,2,0,0,1,1,2,2,0,10,0,1,0,0,0,0,0,0,0,0,0,0,1,0,1,2,0,1,0,0,0,0,2,0,0,6
H03,"El conductor, pasajero o peatón, que obstaculice, perjudique o ponga en riesgo a las demás personas o que no cumpla las normas y señales de transito que le sean aplicables o no obedezca las indicaciones que le den las autoridades de transito.",0,0,0,1,1,0,0,1,1,1,1,5,11,0,1,1,0,0,0,0,0,0,0,0,0,2,1,0,0,0,0,0,1,0,0,0,0,0,2,0,0,0,0,0,2,1,0,0,0,0,0,3,0,0,0,0,0,0,0,0,0,0,0,0,0
C14,"Transitar por sitios restringidos o en horas prohibidas por la autoridad competente. Además, el vehículo será inmovilizado",5,0,5,8,0,10,10,13,0,15,3,17,78,0,0,12,135,69,162,48,16,0,1,0,0,443,2,0,14,5,0,0,11,3,0,24,5,1,65,21,3,9,16,0,8,1,0,0,0,0,0,58,0,0,4,2,0,0,2,0,0,1,1,0,10
D07,"Conducir realizando maniobras altamente peligrosas, siempre y cuando la maniobra viole las normas de transito que pongan en peligro a las personas o las cosas y que constituyan conductas dolosas o altamente imprudentes.",7,3,13,14,17,16,16,13,16,4,7,17,139,11,8,6,0,5,1,7,3,0,0,0,0,41,2,2,3,3,6,4,1,0,2,4,1,0,28,4,2,5,2,5,5,2,2,1,2,2,1,33,0,0,0,1,0,1,0,0,0,3,0,1,6
F,"F.0.2 Conducir en estado de embriaguez, con grado 0 y segunda reincidencia",0,14,13,21,7,5,5,10,5,4,9,11,119,3,0,0,0,0,1,0,1,0,1,0,1,7,2,2,5,13,1,0,1,0,0,2,0,0,26,2,3,4,3,1,3,1,0,0,0,2,0,19,0,0,1,0,0,0,0,0,1,0,0,0,2
C31,No acatar las señales o requerimientos impartidos por los agentes de tránsito,8,1,4,0,7,5,5,3,2,2,2,3,38,1,2,0,0,1,0,1,0,0,0,0,0,5,3,1,3,0,1,3,3,5,0,1,2,1,23,0,0,2,0,0,0,0,0,0,0,0,0,2,0,0,1,0,2,2,0,0,4,2,1,1,13
D06,"Adelantar a otro vehículo en berma, túnel, puente, curva, pasos a nivel y cruces no regulados o al aproximarse a la cima de una cuesta o donde la señal de tránsito correspondiente lo indique",1,1,8,1,2,1,1,11,3,1,1,1,34,0,0,0,0,0,0,0,0,0,0,0,0,0,3,1,2,0,0,0,2,0,0,0,1,0,9,1,0,1,0,0,0,0,0,0,0,0,0,2,0,1,0,0,0,0,0,0,0,0,0,0,1
B02,Conducir un vehículo con la licencia de conducción vencida,6,10,5,6,3,6,6,7,4,2,10,8,69,0,0,0,0,0,0,1,0,0,1,1,0,3,7,4,7,4,9,7,3,7,3,0,5,2,58,2,5,9,4,2,5,0,0,0,1,0,0,28,0,2,1,1,1,0,0,0,2,15,5,0,27
B01,Conducir un vehículo sin llevar consigo la licencia de conducción,21,65,37,25,39,38,38,20,15,13,20,9,334,12,17,15,0,3,11,1,5,3,2,1,1,71,12,8,8,8,7,3,3,3,6,1,0,1,60,1,0,3,1,0,2,0,0,1,0,0,0,8,1,0,0,1,0,0,0,0,0,1,0,0,3
H02,"El conductor que no porte la licencia de tránsito, Además el vehículos será inmovilizado",25,64,66,64,67,49,49,49,28,37,29,23,535,42,53,60,10,42,87,46,17,7,11,9,4,388,21,60,69,46,12,9,16,7,11,15,21,6,293,10,3,7,1,2,1,1,0,1,0,0,0,26,0,4,6,0,3,0,0,0,0,0,0,0,13
C15,"Conducir un vehículo, particular o de servicio público, excediendo la capacidad autorizada en la licencia de tránsito o tarjeta de operación",26,9,23,22,8,20,20,34,20,19,23,6,238,51,53,16,0,10,9,11,13,11,9,8,9,200,22,26,19,18,13,17,13,7,2,9,8,2,156,5,7,3,7,2,3,2,0,0,0,0,0,29,0,0,1,3,1,0,0,1,0,6,0,3,15
D12,"Conducir un vehículo que, sin la debida autorización, se destine a un servicio diferente de aquel para el cual tiene licencia de tránsito. Además, el vehículo será inmovilizado por primera vez, por el término de cinco días, por segunda vez veinte días y por tercera vez cuarenta días",32,84,37,18,37,31,31,55,25,29,16,15,398,1,2,1,1,2,1,2,0,0,0,0,2,12,25,12,28,23,20,27,17,14,22,29,44,49,310,41,45,87,62,36,61,21,46,0,39,81,40,559,29,44,86,0,24,22,31,3,2,1,1,3,246
C35,"No realizar la revisión tecnicomecánica y de emisión contaminantes en los siguientes plazos o cuando aun portando los certificados correspondientes no cuenta  con las siguientes condiciones técnicomecánica y de emisiones contaminantes, además el vehículo será inmovilizado.",42,312,328,213,214,140,140,163,114,100,126,108,"1,990",115,109,151,1,20,69,28,17,2,3,0,1,516,29,21,18,12,12,14,9,9,19,12,22,12,189,18,28,82,59,37,66,24,50,26,68,44,43,545,32,45,55,41,50,36,25,4,4,20,5,2,319
D02,"Conducir sin portar los seguros ordenados por la ley. Además, el vehículo será inmovilizado",36,236,229,212,300,152,152,216,183,136,169,153,"2,162",216,200,230,23,157,389,183,113,20,25,16,14,"1,586",38,34,38,23,17,11,11,21,12,12,17,12,246,44,41,94,52,45,73,28,46,34,25,35,36,553,35,27,44,50,70,20,14,2,2,29,3,1,297
D13,En caso de transportar carga con peso superior al autorizado el vehículo será inmovilizado y el exceso deberá ser transbordado. La licencia de conducción será suspendida hasta por seis (6) meses,0,0,0,0,0,0,0,0,0,0,0,0,0,0,0,0,0,0,0,0,1,0,0,0,0,1,47,99,97,68,99,91,64,40,14,0,0,22,641,43,41,11,26,15,35,15,1,43,0,0,0,230,1,11,14,0,13,24,22,18,15,13,13,16,160
D01,"Guiar un vehículo sin haber obtenido la licencia de conducción correspondiente. Además, el vehículo será inmovilizado en el lugar de los hechos, hasta que éste sea retirado por una persona autorizada por el infractor con licencia de conducción",307,281,271,110,107,132,132,246,172,133,198,168,"2,306",261,240,145,73,167,154,156,112,91,79,80,53,"1,611",170,167,155,107,61,55,60,75,59,54,23,14,"1,000",60,35,41,39,12,38,13,2,0,2,2,1,245,0,21,14,10,10,4,3,2,4,68,14,9,159
C24,Conducir motocicleta sin observar las normas establecidas en el presente código,43,42,67,28,37,44,44,66,52,42,68,66,604,114,92,104,70,283,279,232,161,67,45,85,55,"1,587",208,136,160,107,69,49,69,58,34,66,27,5,988,26,20,31,30,15,107,60,64,29,34,82,73,571,49,0,14,77,190,72,45,0,0,30,2,1,480
TOTAL,,567,"1,140","1,121",773,903,662,662,925,649,542,693,616,"9,259",831,781,744,316,763,"1,173",718,461,201,177,200,140,"6,505",596,576,642,459,332,296,287,258,199,236,184,129,"4,194",307,238,397,309,180,422,176,216,138,178,248,196,"3,005",150,160,250,191,369,185,145,32,40,196,46,37,"1,801"
